Data Futura;Produto;Preço Aplicado;Quantidade Prevista
2024-12-01;Aquecedor;2336,23;20
2024-12-02;Aquecedor;2336,23;20
2024-12-03;Aquecedor;2336,23;20
2024-12-04;Aquecedor;2336,23;21
2024-12-05;Aquecedor;2336,23;20
2024-12-06;Aquecedor;2336,23;21
2024-12-07;Aquecedor;2336,23;20
2024-12-08;Aquecedor;2336,23;20
2024-12-09;Aquecedor;2336,23;21
2024-12-10;Aquecedor;2336,23;20
2024-12-11;Aquecedor;2336,23;21
2024-12-12;Aquecedor;2336,23;20
2024-12-13;Aquecedor;2336,23;21
2024-12-14;Aquecedor;2336,23;20
2024-12-15;Aquecedor;2336,23;20
2024-12-16;Aquecedor;2336,23;21
2024-12-17;Aquecedor;2336,23;20
2024-12-18;Aquecedor;2336,23;21
2024-12-19;Aquecedor;2336,23;20
2024-12-20;Aquecedor;2336,23;21
2024-12-21;Aquecedor;2336,23;20
2024-12-22;Aquecedor;2336,23;20
2024-12-23;Aquecedor;2336,23;20
2024-12-24;Aquecedor;2336,23;20
2024-12-25;Aquecedor;2336,23;21
2024-12-26;Aquecedor;2336,23;20
2024-12-27;Aquecedor;2336,23;21
2024-12-28;Aquecedor;2336,23;20
2024-12-29;Aquecedor;2336,23;20
2024-12-30;Aquecedor;2336,23;20
2024-12-31;Aquecedor;2336,23;20
2024-12-01;Ar Condicionado;3734,36;38
2024-12-02;Ar Condicionado;3734,36;39
2024-12-03;Ar Condicionado;3734,36;39
2024-12-04;Ar Condicionado;3734,36;39
2024-12-05;Ar Condicionado;3734,36;38
2024-12-06;Ar Condicionado;3734,36;39
2024-12-07;Ar Condicionado;3734,36;39
2024-12-08;Ar Condicionado;3734,36;38
2024-12-09;Ar Condicionado;3734,36;39
2024-12-10;Ar Condicionado;3734,36;39
2024-12-11;Ar Condicionado;3734,36;39
2024-12-12;Ar Condicionado;3734,36;38
2024-12-13;Ar Condicionado;3734,36;39
2024-12-14;Ar Condicionado;3734,36;39
2024-12-15;Ar Condicionado;3734,36;38
2024-12-16;Ar Condicionado;3734,36;39
2024-12-17;Ar Condicionado;3734,36;39
2024-12-18;Ar Condicionado;3734,36;39
2024-12-19;Ar Condicionado;3734,36;38
2024-12-20;Ar Condicionado;3734,36;39
2024-12-21;Ar Condicionado;3734,36;38
2024-12-22;Ar Condicionado;3734,36;38
2024-12-23;Ar Condicionado;3734,36;39
2024-12-24;Ar Condicionado;3734,36;39
2024-12-25;Ar Condicionado;3734,36;39
2024-12-26;Ar Condicionado;3734,36;38
2024-12-27;Ar Condicionado;3734,36;39
2024-12-28;Ar Condicionado;3734,36;38
2024-12-29;Ar Condicionado;3734,36;38
2024-12-30;Ar Condicionado;3734,36;39
2024-12-31;Ar Condicionado;3734,36;39
2024-12-01;Cafeteira;288,01;14
2024-12-02;Cafeteira;288,01;15
2024-12-03;Cafeteira;288,01;15
2024-12-04;Cafeteira;288,01;15
2024-12-05;Cafeteira;288,01;14
2024-12-06;Cafeteira;288,01;15
2024-12-07;Cafeteira;288,01;14
2024-12-08;Cafeteira;288,01;14
2024-12-09;Cafeteira;288,01;15
2024-12-10;Cafeteira;288,01;15
2024-12-11;Cafeteira;288,01;15
2024-12-12;Cafeteira;288,01;14
2024-12-13;Cafeteira;288,01;15
2024-12-14;Cafeteira;288,01;14
2024-12-15;Cafeteira;288,01;14
2024-12-16;Cafeteira;288,01;15
2024-12-17;Cafeteira;288,01;15
2024-12-18;Cafeteira;288,01;15
2024-12-19;Cafeteira;288,01;14
2024-12-20;Cafeteira;288,01;15
2024-12-21;Cafeteira;288,01;15
2024-12-22;Cafeteira;288,01;14
2024-12-23;Cafeteira;288,01;15
2024-12-24;Cafeteira;288,01;15
2024-12-25;Cafeteira;288,01;15
2024-12-26;Cafeteira;288,01;14
2024-12-27;Cafeteira;288,01;15
2024-12-28;Cafeteira;288,01;15
2024-12-29;Cafeteira;288,01;14
2024-12-30;Cafeteira;288,01;15
2024-12-31;Cafeteira;288,01;15
2024-12-01;Camera Fotográfica;946,07;13
2024-12-02;Camera Fotográfica;946,07;13
2024-12-03;Camera Fotográfica;946,07;13
2024-12-04;Camera Fotográfica;946,07;13
2024-12-05;Camera Fotográfica;946,07;13
2024-12-06;Camera Fotográfica;946,07;13
2024-12-07;Camera Fotográfica;946,07;13
2024-12-08;Camera Fotográfica;946,07;13
2024-12-09;Camera Fotográfica;946,07;13
2024-12-10;Camera Fotográfica;946,07;13
2024-12-11;Camera Fotográfica;946,07;13
2024-12-12;Camera Fotográfica;946,07;13
2024-12-13;Camera Fotográfica;946,07;13
2024-12-14;Camera Fotográfica;946,07;13
2024-12-15;Camera Fotográfica;946,07;13
2024-12-16;Camera Fotográfica;946,07;13
2024-12-17;Camera Fotográfica;946,07;13
2024-12-18;Camera Fotográfica;946,07;13
2024-12-19;Camera Fotográfica;946,07;13
2024-12-20;Camera Fotográfica;946,07;13
2024-12-21;Camera Fotográfica;946,07;13
2024-12-22;Camera Fotográfica;946,07;13
2024-12-23;Camera Fotográfica;946,07;13
2024-12-24;Camera Fotográfica;946,07;13
2024-12-25;Camera Fotográfica;946,07;13
2024-12-26;Camera Fotográfica;946,07;13
2024-12-27;Camera Fotográfica;946,07;13
2024-12-28;Camera Fotográfica;946,07;13
2024-12-29;Camera Fotográfica;946,07;13
2024-12-30;Camera Fotográfica;946,07;13
2024-12-31;Camera Fotográfica;946,07;13
2024-12-01;Celular;945,05;38
2024-12-02;Celular;945,05;38
2024-12-03;Celular;945,05;38
2024-12-04;Celular;945,05;38
2024-12-05;Celular;945,05;38
2024-12-06;Celular;945,05;38
2024-12-07;Celular;945,05;38
2024-12-08;Celular;945,05;38
2024-12-09;Celular;945,05;38
2024-12-10;Celular;945,05;38
2024-12-11;Celular;945,05;38
2024-12-12;Celular;945,05;38
2024-12-13;Celular;945,05;38
2024-12-14;Celular;945,05;38
2024-12-15;Celular;945,05;38
2024-12-16;Celular;945,05;38
2024-12-17;Celular;945,05;38
2024-12-18;Celular;945,05;38
2024-12-19;Celular;945,05;38
2024-12-20;Celular;945,05;38
2024-12-21;Celular;945,05;38
2024-12-22;Celular;945,05;38
2024-12-23;Celular;945,05;38
2024-12-24;Celular;945,05;38
2024-12-25;Celular;945,05;38
2024-12-26;Celular;945,05;38
2024-12-27;Celular;945,05;38
2024-12-28;Celular;945,05;38
2024-12-29;Celular;945,05;38
2024-12-30;Celular;945,05;38
2024-12-31;Celular;945,05;38
2024-12-01;Cobertor Elétrico;945,28;13
2024-12-02;Cobertor Elétrico;945,28;13
2024-12-03;Cobertor Elétrico;945,28;13
2024-12-04;Cobertor Elétrico;945,28;14
2024-12-05;Cobertor Elétrico;945,28;13
2024-12-06;Cobertor Elétrico;945,28;13
2024-12-07;Cobertor Elétrico;945,28;13
2024-12-08;Cobertor Elétrico;945,28;13
2024-12-09;Cobertor Elétrico;945,28;13
2024-12-10;Cobertor Elétrico;945,28;13
2024-12-11;Cobertor Elétrico;945,28;14
2024-12-12;Cobertor Elétrico;945,28;13
2024-12-13;Cobertor Elétrico;945,28;14
2024-12-14;Cobertor Elétrico;945,28;13
2024-12-15;Cobertor Elétrico;945,28;13
2024-12-16;Cobertor Elétrico;945,28;13
2024-12-17;Cobertor Elétrico;945,28;13
2024-12-18;Cobertor Elétrico;945,28;14
2024-12-19;Cobertor Elétrico;945,28;13
2024-12-20;Cobertor Elétrico;945,28;14
2024-12-21;Cobertor Elétrico;945,28;13
2024-12-22;Cobertor Elétrico;945,28;13
2024-12-23;Cobertor Elétrico;945,28;13
2024-12-24;Cobertor Elétrico;945,28;13
2024-12-25;Cobertor Elétrico;945,28;14
2024-12-26;Cobertor Elétrico;945,28;13
2024-12-27;Cobertor Elétrico;945,28;14
2024-12-28;Cobertor Elétrico;945,28;13
2024-12-29;Cobertor Elétrico;945,28;13
2024-12-30;Cobertor Elétrico;945,28;13
2024-12-31;Cobertor Elétrico;945,28;13
2024-12-01;Notebook;4228,59;14
2024-12-02;Notebook;4228,59;15
2024-12-03;Notebook;4228,59;15
2024-12-04;Notebook;4228,59;15
2024-12-05;Notebook;4228,59;14
2024-12-06;Notebook;4228,59;15
2024-12-07;Notebook;4228,59;14
2024-12-08;Notebook;4228,59;14
2024-12-09;Notebook;4228,59;15
2024-12-10;Notebook;4228,59;15
2024-12-11;Notebook;4228,59;15
2024-12-12;Notebook;4228,59;14
2024-12-13;Notebook;4228,59;15
2024-12-14;Notebook;4228,59;14
2024-12-15;Notebook;4228,59;14
2024-12-16;Notebook;4228,59;15
2024-12-17;Notebook;4228,59;14
2024-12-18;Notebook;4228,59;15
2024-12-19;Notebook;4228,59;14
2024-12-20;Notebook;4228,59;15
2024-12-21;Notebook;4228,59;14
2024-12-22;Notebook;4228,59;14
2024-12-23;Notebook;4228,59;15
2024-12-24;Notebook;4228,59;15
2024-12-25;Notebook;4228,59;15
2024-12-26;Notebook;4228,59;14
2024-12-27;Notebook;4228,59;15
2024-12-28;Notebook;4228,59;14
2024-12-29;Notebook;4228,59;14
2024-12-30;Notebook;4228,59;15
2024-12-31;Notebook;4228,59;15
2024-12-01;Smart TV 55;3325,88;20
2024-12-02;Smart TV 55;3325,88;20
2024-12-03;Smart TV 55;3325,88;20
2024-12-04;Smart TV 55;3325,88;21
2024-12-05;Smart TV 55;3325,88;20
2024-12-06;Smart TV 55;3325,88;21
2024-12-07;Smart TV 55;3325,88;20
2024-12-08;Smart TV 55;3325,88;20
2024-12-09;Smart TV 55;3325,88;21
2024-12-10;Smart TV 55;3325,88;20
2024-12-11;Smart TV 55;3325,88;21
2024-12-12;Smart TV 55;3325,88;20
2024-12-13;Smart TV 55;3325,88;21
2024-12-14;Smart TV 55;3325,88;20
2024-12-15;Smart TV 55;3325,88;20
2024-12-16;Smart TV 55;3325,88;21
2024-12-17;Smart TV 55;3325,88;20
2024-12-18;Smart TV 55;3325,88;21
2024-12-19;Smart TV 55;3325,88;20
2024-12-20;Smart TV 55;3325,88;21
2024-12-21;Smart TV 55;3325,88;20
2024-12-22;Smart TV 55;3325,88;20
2024-12-23;Smart TV 55;3325,88;20
2024-12-24;Smart TV 55;3325,88;20
2024-12-25;Smart TV 55;3325,88;21
2024-12-26;Smart TV 55;3325,88;20
2024-12-27;Smart TV 55;3325,88;21
2024-12-28;Smart TV 55;3325,88;20
2024-12-29;Smart TV 55;3325,88;20
2024-12-30;Smart TV 55;3325,88;20
2024-12-31;Smart TV 55;3325,88;20
2024-12-01;Smartphone;2335,88;38
2024-12-02;Smartphone;2335,88;38
2024-12-03;Smartphone;2335,88;38
2024-12-04;Smartphone;2335,88;39
2024-12-05;Smartphone;2335,88;38
2024-12-06;Smartphone;2335,88;38
2024-12-07;Smartphone;2335,88;38
2024-12-08;Smartphone;2335,88;38
2024-12-09;Smartphone;2335,88;38
2024-12-10;Smartphone;2335,88;38
2024-12-11;Smartphone;2335,88;39
2024-12-12;Smartphone;2335,88;38
2024-12-13;Smartphone;2335,88;38
2024-12-14;Smartphone;2335,88;38
2024-12-15;Smartphone;2335,88;38
2024-12-16;Smartphone;2335,88;38
2024-12-17;Smartphone;2335,88;38
2024-12-18;Smartphone;2335,88;39
2024-12-19;Smartphone;2335,88;38
2024-12-20;Smartphone;2335,88;38
2024-12-21;Smartphone;2335,88;38
2024-12-22;Smartphone;2335,88;38
2024-12-23;Smartphone;2335,88;38
2024-12-24;Smartphone;2335,88;38
2024-12-25;Smartphone;2335,88;39
2024-12-26;Smartphone;2335,88;38
2024-12-27;Smartphone;2335,88;38
2024-12-28;Smartphone;2335,88;38
2024-12-29;Smartphone;2335,88;38
2024-12-30;Smartphone;2335,88;38
2024-12-31;Smartphone;2335,88;38
2024-12-01;Smartwatch;1440,41;15
2024-12-02;Smartwatch;1440,41;15
2024-12-03;Smartwatch;1440,41;15
2024-12-04;Smartwatch;1440,41;15
2024-12-05;Smartwatch;1440,41;15
2024-12-06;Smartwatch;1440,41;15
2024-12-07;Smartwatch;1440,41;15
2024-12-08;Smartwatch;1440,41;15
2024-12-09;Smartwatch;1440,41;15
2024-12-10;Smartwatch;1440,41;15
2024-12-11;Smartwatch;1440,41;16
2024-12-12;Smartwatch;1440,41;15
2024-12-13;Smartwatch;1440,41;15
2024-12-14;Smartwatch;1440,41;15
2024-12-15;Smartwatch;1440,41;15
2024-12-16;Smartwatch;1440,41;15
2024-12-17;Smartwatch;1440,41;15
2024-12-18;Smartwatch;1440,41;15
2024-12-19;Smartwatch;1440,41;15
2024-12-20;Smartwatch;1440,41;15
2024-12-21;Smartwatch;1440,41;15
2024-12-22;Smartwatch;1440,41;15
2024-12-23;Smartwatch;1440,41;15
2024-12-24;Smartwatch;1440,41;15
2024-12-25;Smartwatch;1440,41;16
2024-12-26;Smartwatch;1440,41;15
2024-12-27;Smartwatch;1440,41;15
2024-12-28;Smartwatch;1440,41;15
2024-12-29;Smartwatch;1440,41;15
2024-12-30;Smartwatch;1440,41;15
2024-12-31;Smartwatch;1440,41;15
2024-12-01;Tablet;1937,56;16
2024-12-02;Tablet;1937,56;16
2024-12-03;Tablet;1937,56;16
2024-12-04;Tablet;1937,56;16
2024-12-05;Tablet;1937,56;16
2024-12-06;Tablet;1937,56;16
2024-12-07;Tablet;1937,56;16
2024-12-08;Tablet;1937,56;16
2024-12-09;Tablet;1937,56;16
2024-12-10;Tablet;1937,56;16
2024-12-11;Tablet;1937,56;16
2024-12-12;Tablet;1937,56;16
2024-12-13;Tablet;1937,56;16
2024-12-14;Tablet;1937,56;16
2024-12-15;Tablet;1937,56;16
2024-12-16;Tablet;1937,56;16
2024-12-17;Tablet;1937,56;16
2024-12-18;Tablet;1937,56;16
2024-12-19;Tablet;1937,56;16
2024-12-20;Tablet;1937,56;16
2024-12-21;Tablet;1937,56;16
2024-12-22;Tablet;1937,56;16
2024-12-23;Tablet;1937,56;16
2024-12-24;Tablet;1937,56;16
2024-12-25;Tablet;1937,56;17
2024-12-26;Tablet;1937,56;16
2024-12-27;Tablet;1937,56;16
2024-12-28;Tablet;1937,56;16
2024-12-29;Tablet;1937,56;16
2024-12-30;Tablet;1937,56;16
2024-12-31;Tablet;1937,56;16
