Data Futura;Produto;Preço Previsto;Quantidade Prevista
2024-10-01;Aquecedor;2595,81;11
2024-10-02;Aquecedor;2595,81;12
2024-10-03;Aquecedor;2595,81;11
2024-10-04;Aquecedor;2595,81;12
2024-10-05;Aquecedor;2595,81;11
2024-10-06;Aquecedor;2595,81;11
2024-10-07;Aquecedor;2595,81;12
2024-10-08;Aquecedor;2595,81;12
2024-10-09;Aquecedor;2595,81;12
2024-10-10;Aquecedor;2595,81;11
2024-10-11;Aquecedor;2595,81;12
2024-10-12;Aquecedor;2595,81;11
2024-10-13;Aquecedor;2595,81;11
2024-10-14;Aquecedor;2595,81;12
2024-10-15;Aquecedor;2595,81;11
2024-10-16;Aquecedor;2595,81;12
2024-10-17;Aquecedor;2595,81;11
2024-10-18;Aquecedor;2595,81;12
2024-10-19;Aquecedor;2595,81;11
2024-10-20;Aquecedor;2595,81;11
2024-10-21;Aquecedor;2595,81;12
2024-10-22;Aquecedor;2595,81;11
2024-10-23;Aquecedor;2595,81;12
2024-10-24;Aquecedor;2595,81;11
2024-10-25;Aquecedor;2595,81;12
2024-10-26;Aquecedor;2595,81;11
2024-10-27;Aquecedor;2595,81;11
2024-10-28;Aquecedor;2595,81;12
2024-10-29;Aquecedor;2595,81;11
2024-10-30;Aquecedor;2595,81;12
2024-10-31;Aquecedor;2595,81;11
2024-10-01;Ar Condicionado;4149,29;10
2024-10-02;Ar Condicionado;4149,29;11
2024-10-03;Ar Condicionado;4149,29;10
2024-10-04;Ar Condicionado;4149,29;11
2024-10-05;Ar Condicionado;4149,29;10
2024-10-06;Ar Condicionado;4149,29;10
2024-10-07;Ar Condicionado;4149,29;11
2024-10-08;Ar Condicionado;4149,29;10
2024-10-09;Ar Condicionado;4149,29;11
2024-10-10;Ar Condicionado;4149,29;10
2024-10-11;Ar Condicionado;4149,29;11
2024-10-12;Ar Condicionado;4149,29;10
2024-10-13;Ar Condicionado;4149,29;10
2024-10-14;Ar Condicionado;4149,29;11
2024-10-15;Ar Condicionado;4149,29;10
2024-10-16;Ar Condicionado;4149,29;11
2024-10-17;Ar Condicionado;4149,29;10
2024-10-18;Ar Condicionado;4149,29;11
2024-10-19;Ar Condicionado;4149,29;10
2024-10-20;Ar Condicionado;4149,29;10
2024-10-21;Ar Condicionado;4149,29;11
2024-10-22;Ar Condicionado;4149,29;10
2024-10-23;Ar Condicionado;4149,29;11
2024-10-24;Ar Condicionado;4149,29;10
2024-10-25;Ar Condicionado;4149,29;11
2024-10-26;Ar Condicionado;4149,29;10
2024-10-27;Ar Condicionado;4149,29;10
2024-10-28;Ar Condicionado;4149,29;11
2024-10-29;Ar Condicionado;4149,29;10
2024-10-30;Ar Condicionado;4149,29;11
2024-10-31;Ar Condicionado;4149,29;10
2024-10-01;Cafeteira;320,01;12
2024-10-02;Cafeteira;320,01;12
2024-10-03;Cafeteira;320,01;11
2024-10-04;Cafeteira;320,01;12
2024-10-05;Cafeteira;320,01;12
2024-10-06;Cafeteira;320,01;12
2024-10-07;Cafeteira;320,01;12
2024-10-08;Cafeteira;320,01;12
2024-10-09;Cafeteira;320,01;12
2024-10-10;Cafeteira;320,01;11
2024-10-11;Cafeteira;320,01;12
2024-10-12;Cafeteira;320,01;12
2024-10-13;Cafeteira;320,01;11
2024-10-14;Cafeteira;320,01;12
2024-10-15;Cafeteira;320,01;12
2024-10-16;Cafeteira;320,01;12
2024-10-17;Cafeteira;320,01;11
2024-10-18;Cafeteira;320,01;12
2024-10-19;Cafeteira;320,01;12
2024-10-20;Cafeteira;320,01;11
2024-10-21;Cafeteira;320,01;12
2024-10-22;Cafeteira;320,01;12
2024-10-23;Cafeteira;320,01;12
2024-10-24;Cafeteira;320,01;11
2024-10-25;Cafeteira;320,01;12
2024-10-26;Cafeteira;320,01;12
2024-10-27;Cafeteira;320,01;11
2024-10-28;Cafeteira;320,01;12
2024-10-29;Cafeteira;320,01;12
2024-10-30;Cafeteira;320,01;12
2024-10-31;Cafeteira;320,01;11
2024-10-01;Camera Fotográfica;1051,18;11
2024-10-02;Camera Fotográfica;1051,18;12
2024-10-03;Camera Fotográfica;1051,18;11
2024-10-04;Camera Fotográfica;1051,18;12
2024-10-05;Camera Fotográfica;1051,18;11
2024-10-06;Camera Fotográfica;1051,18;11
2024-10-07;Camera Fotográfica;1051,18;12
2024-10-08;Camera Fotográfica;1051,18;11
2024-10-09;Camera Fotográfica;1051,18;12
2024-10-10;Camera Fotográfica;1051,18;11
2024-10-11;Camera Fotográfica;1051,18;12
2024-10-12;Camera Fotográfica;1051,18;11
2024-10-13;Camera Fotográfica;1051,18;11
2024-10-14;Camera Fotográfica;1051,18;12
2024-10-15;Camera Fotográfica;1051,18;11
2024-10-16;Camera Fotográfica;1051,18;12
2024-10-17;Camera Fotográfica;1051,18;11
2024-10-18;Camera Fotográfica;1051,18;12
2024-10-19;Camera Fotográfica;1051,18;11
2024-10-20;Camera Fotográfica;1051,18;11
2024-10-21;Camera Fotográfica;1051,18;12
2024-10-22;Camera Fotográfica;1051,18;11
2024-10-23;Camera Fotográfica;1051,18;12
2024-10-24;Camera Fotográfica;1051,18;11
2024-10-25;Camera Fotográfica;1051,18;12
2024-10-26;Camera Fotográfica;1051,18;11
2024-10-27;Camera Fotográfica;1051,18;11
2024-10-28;Camera Fotográfica;1051,18;12
2024-10-29;Camera Fotográfica;1051,18;11
2024-10-30;Camera Fotográfica;1051,18;12
2024-10-31;Camera Fotográfica;1051,18;11
2024-10-01;Celular;1050,05;29
2024-10-02;Celular;1050,05;29
2024-10-03;Celular;1050,05;29
2024-10-04;Celular;1050,05;29
2024-10-05;Celular;1050,05;29
2024-10-06;Celular;1050,05;29
2024-10-07;Celular;1050,05;29
2024-10-08;Celular;1050,05;29
2024-10-09;Celular;1050,05;29
2024-10-10;Celular;1050,05;28
2024-10-11;Celular;1050,05;29
2024-10-12;Celular;1050,05;29
2024-10-13;Celular;1050,05;29
2024-10-14;Celular;1050,05;29
2024-10-15;Celular;1050,05;29
2024-10-16;Celular;1050,05;29
2024-10-17;Celular;1050,05;29
2024-10-18;Celular;1050,05;29
2024-10-19;Celular;1050,05;29
2024-10-20;Celular;1050,05;29
2024-10-21;Celular;1050,05;29
2024-10-22;Celular;1050,05;29
2024-10-23;Celular;1050,05;29
2024-10-24;Celular;1050,05;28
2024-10-25;Celular;1050,05;29
2024-10-26;Celular;1050,05;29
2024-10-27;Celular;1050,05;29
2024-10-28;Celular;1050,05;29
2024-10-29;Celular;1050,05;29
2024-10-30;Celular;1050,05;29
2024-10-31;Celular;1050,05;28
2024-10-01;Cobertor Elétrico;1050,31;11
2024-10-02;Cobertor Elétrico;1050,31;12
2024-10-03;Cobertor Elétrico;1050,31;11
2024-10-04;Cobertor Elétrico;1050,31;11
2024-10-05;Cobertor Elétrico;1050,31;11
2024-10-06;Cobertor Elétrico;1050,31;11
2024-10-07;Cobertor Elétrico;1050,31;11
2024-10-08;Cobertor Elétrico;1050,31;11
2024-10-09;Cobertor Elétrico;1050,31;12
2024-10-10;Cobertor Elétrico;1050,31;11
2024-10-11;Cobertor Elétrico;1050,31;12
2024-10-12;Cobertor Elétrico;1050,31;11
2024-10-13;Cobertor Elétrico;1050,31;11
2024-10-14;Cobertor Elétrico;1050,31;11
2024-10-15;Cobertor Elétrico;1050,31;11
2024-10-16;Cobertor Elétrico;1050,31;12
2024-10-17;Cobertor Elétrico;1050,31;11
2024-10-18;Cobertor Elétrico;1050,31;11
2024-10-19;Cobertor Elétrico;1050,31;11
2024-10-20;Cobertor Elétrico;1050,31;11
2024-10-21;Cobertor Elétrico;1050,31;11
2024-10-22;Cobertor Elétrico;1050,31;11
2024-10-23;Cobertor Elétrico;1050,31;12
2024-10-24;Cobertor Elétrico;1050,31;11
2024-10-25;Cobertor Elétrico;1050,31;12
2024-10-26;Cobertor Elétrico;1050,31;11
2024-10-27;Cobertor Elétrico;1050,31;11
2024-10-28;Cobertor Elétrico;1050,31;11
2024-10-29;Cobertor Elétrico;1050,31;11
2024-10-30;Cobertor Elétrico;1050,31;12
2024-10-31;Cobertor Elétrico;1050,31;11
2024-10-01;Notebook;4698,44;18
2024-10-02;Notebook;4698,44;19
2024-10-03;Notebook;4698,44;18
2024-10-04;Notebook;4698,44;19
2024-10-05;Notebook;4698,44;18
2024-10-06;Notebook;4698,44;18
2024-10-07;Notebook;4698,44;18
2024-10-08;Notebook;4698,44;18
2024-10-09;Notebook;4698,44;19
2024-10-10;Notebook;4698,44;18
2024-10-11;Notebook;4698,44;19
2024-10-12;Notebook;4698,44;18
2024-10-13;Notebook;4698,44;18
2024-10-14;Notebook;4698,44;19
2024-10-15;Notebook;4698,44;18
2024-10-16;Notebook;4698,44;19
2024-10-17;Notebook;4698,44;18
2024-10-18;Notebook;4698,44;19
2024-10-19;Notebook;4698,44;18
2024-10-20;Notebook;4698,44;18
2024-10-21;Notebook;4698,44;19
2024-10-22;Notebook;4698,44;18
2024-10-23;Notebook;4698,44;19
2024-10-24;Notebook;4698,44;18
2024-10-25;Notebook;4698,44;19
2024-10-26;Notebook;4698,44;18
2024-10-27;Notebook;4698,44;18
2024-10-28;Notebook;4698,44;19
2024-10-29;Notebook;4698,44;18
2024-10-30;Notebook;4698,44;19
2024-10-31;Notebook;4698,44;18
2024-10-01;Smart TV 55;3695,43;18
2024-10-02;Smart TV 55;3695,43;19
2024-10-03;Smart TV 55;3695,43;18
2024-10-04;Smart TV 55;3695,43;18
2024-10-05;Smart TV 55;3695,43;18
2024-10-06;Smart TV 55;3695,43;18
2024-10-07;Smart TV 55;3695,43;18
2024-10-08;Smart TV 55;3695,43;18
2024-10-09;Smart TV 55;3695,43;19
2024-10-10;Smart TV 55;3695,43;18
2024-10-11;Smart TV 55;3695,43;18
2024-10-12;Smart TV 55;3695,43;18
2024-10-13;Smart TV 55;3695,43;18
2024-10-14;Smart TV 55;3695,43;18
2024-10-15;Smart TV 55;3695,43;18
2024-10-16;Smart TV 55;3695,43;19
2024-10-17;Smart TV 55;3695,43;18
2024-10-18;Smart TV 55;3695,43;18
2024-10-19;Smart TV 55;3695,43;18
2024-10-20;Smart TV 55;3695,43;18
2024-10-21;Smart TV 55;3695,43;18
2024-10-22;Smart TV 55;3695,43;18
2024-10-23;Smart TV 55;3695,43;19
2024-10-24;Smart TV 55;3695,43;18
2024-10-25;Smart TV 55;3695,43;19
2024-10-26;Smart TV 55;3695,43;18
2024-10-27;Smart TV 55;3695,43;18
2024-10-28;Smart TV 55;3695,43;18
2024-10-29;Smart TV 55;3695,43;18
2024-10-30;Smart TV 55;3695,43;19
2024-10-31;Smart TV 55;3695,43;18
2024-10-01;Smartphone;2595,42;35
2024-10-02;Smartphone;2595,42;36
2024-10-03;Smartphone;2595,42;35
2024-10-04;Smartphone;2595,42;36
2024-10-05;Smartphone;2595,42;35
2024-10-06;Smartphone;2595,42;35
2024-10-07;Smartphone;2595,42;36
2024-10-08;Smartphone;2595,42;35
2024-10-09;Smartphone;2595,42;36
2024-10-10;Smartphone;2595,42;35
2024-10-11;Smartphone;2595,42;36
2024-10-12;Smartphone;2595,42;35
2024-10-13;Smartphone;2595,42;35
2024-10-14;Smartphone;2595,42;36
2024-10-15;Smartphone;2595,42;35
2024-10-16;Smartphone;2595,42;36
2024-10-17;Smartphone;2595,42;35
2024-10-18;Smartphone;2595,42;36
2024-10-19;Smartphone;2595,42;35
2024-10-20;Smartphone;2595,42;35
2024-10-21;Smartphone;2595,42;36
2024-10-22;Smartphone;2595,42;35
2024-10-23;Smartphone;2595,42;36
2024-10-24;Smartphone;2595,42;35
2024-10-25;Smartphone;2595,42;36
2024-10-26;Smartphone;2595,42;35
2024-10-27;Smartphone;2595,42;35
2024-10-28;Smartphone;2595,42;36
2024-10-29;Smartphone;2595,42;35
2024-10-30;Smartphone;2595,42;36
2024-10-31;Smartphone;2595,42;35
2024-10-01;Smartwatch;1600,46;14
2024-10-02;Smartwatch;1600,46;15
2024-10-03;Smartwatch;1600,46;14
2024-10-04;Smartwatch;1600,46;14
2024-10-05;Smartwatch;1600,46;14
2024-10-06;Smartwatch;1600,46;14
2024-10-07;Smartwatch;1600,46;14
2024-10-08;Smartwatch;1600,46;14
2024-10-09;Smartwatch;1600,46;15
2024-10-10;Smartwatch;1600,46;14
2024-10-11;Smartwatch;1600,46;15
2024-10-12;Smartwatch;1600,46;14
2024-10-13;Smartwatch;1600,46;14
2024-10-14;Smartwatch;1600,46;14
2024-10-15;Smartwatch;1600,46;14
2024-10-16;Smartwatch;1600,46;15
2024-10-17;Smartwatch;1600,46;14
2024-10-18;Smartwatch;1600,46;14
2024-10-19;Smartwatch;1600,46;14
2024-10-20;Smartwatch;1600,46;14
2024-10-21;Smartwatch;1600,46;14
2024-10-22;Smartwatch;1600,46;14
2024-10-23;Smartwatch;1600,46;15
2024-10-24;Smartwatch;1600,46;14
2024-10-25;Smartwatch;1600,46;15
2024-10-26;Smartwatch;1600,46;14
2024-10-27;Smartwatch;1600,46;14
2024-10-28;Smartwatch;1600,46;14
2024-10-29;Smartwatch;1600,46;14
2024-10-30;Smartwatch;1600,46;15
2024-10-31;Smartwatch;1600,46;14
2024-10-01;Tablet;2152,84;15
2024-10-02;Tablet;2152,84;15
2024-10-03;Tablet;2152,84;15
2024-10-04;Tablet;2152,84;15
2024-10-05;Tablet;2152,84;15
2024-10-06;Tablet;2152,84;15
2024-10-07;Tablet;2152,84;15
2024-10-08;Tablet;2152,84;15
2024-10-09;Tablet;2152,84;15
2024-10-10;Tablet;2152,84;14
2024-10-11;Tablet;2152,84;15
2024-10-12;Tablet;2152,84;15
2024-10-13;Tablet;2152,84;15
2024-10-14;Tablet;2152,84;15
2024-10-15;Tablet;2152,84;15
2024-10-16;Tablet;2152,84;15
2024-10-17;Tablet;2152,84;14
2024-10-18;Tablet;2152,84;15
2024-10-19;Tablet;2152,84;15
2024-10-20;Tablet;2152,84;15
2024-10-21;Tablet;2152,84;15
2024-10-22;Tablet;2152,84;15
2024-10-23;Tablet;2152,84;15
2024-10-24;Tablet;2152,84;14
2024-10-25;Tablet;2152,84;15
2024-10-26;Tablet;2152,84;15
2024-10-27;Tablet;2152,84;15
2024-10-28;Tablet;2152,84;15
2024-10-29;Tablet;2152,84;15
2024-10-30;Tablet;2152,84;15
2024-10-31;Tablet;2152,84;14
