UF;Regiao;Ultima_venda;Recencia_dias;Freq_12m;Monet_12m;Freq_total;Monet_total;Pop;Pct_pop;Pct_vendas;Indice;IC_inf;IC_sup;Esperado;Gap_vendas;Ant12;Var;Classe
Acre;Norte;2024-08-09;11;36;55165;95;156736;830018;0,4087;0,9500;2,3244;1,8570;2,7918;40,8713;-54,1287;26;38,4615;Nicho forte (alta penetração, baixo volume)
Alagoas;Nordeste;2024-08-10;10;37;82570;125;239773;3127683;1,5401;1,2500;0,8116;0,6693;0,9539;154,0118;29,0118;47;-21,2766;Subexplorada
Amapá;Norte;2024-08-17;3;30;35025;79;103534;733759;0,3613;0,7900;2,1865;1,7043;2,6686;36,1314;-42,8686;25;20,0000;Nicho forte (alta penetração, baixo volume)
Amazonas;Norte;2024-08-17;3;87;136097;272;394503;3941613;1,9409;2,7200;1,4014;1,2349;1,5680;194,0909;-77,9091;89;-2,2472;Alta fidelidade
Bahia;Nordeste;2024-08-19;1;164;251532;519;846985;14141626;6,9635;5,1900;0,7453;0,6812;0,8094;696,3548;177,3548;176;-6,8182;Potencial de crescimento
Ceará;Nordeste;2024-08-19;1;131;228478;403;661737;8794957;4,3308;4,0300;0,9306;0,8397;1,0214;433,0768;30,0768;142;-7,7465;Em linha com a população (neutra)
Distrito Federal;Centro-Oeste;2024-08-16;4;113;129148;375;537313;2817381;1,3873;3,7500;2,7031;2,4295;2,9766;138,7321;-236,2679;120;-5,8333;Alta fidelidade
Espírito Santo;Sudeste;2024-08-19;1;59;111124;169;308518;3833712;1,8878;1,6900;0,8952;0,7603;1,0302;188,7777;19,7777;53;11,3208;Em linha com a população (neutra)
Goiás;Centro-Oeste;2024-08-16;4;114;149066;319;493614;7056495;3,4747;3,1900;0,9181;0,8173;1,0188;347,4724;28,4724;104;9,6154;Em linha com a população (neutra)
Maranhão;Nordeste;2024-08-12;8;30;47800;94;137954;6776699;3,3369;0,9400;0,2817;0,2247;0,3386;333,6948;239,6948;34;-11,7647;Subexplorada
Mato Grosso;Centro-Oeste;2024-05-26;86;25;34592;69;108406;3658649;1,8016;0,6900;0,3830;0,2926;0,4734;180,1573;111,1573;26;-3,8462;Subexplorada
Mato Grosso do Sul;Centro-Oeste;2024-08-16;4;62;84156;189;252799;2757013;1,3576;1,8900;1,3922;1,1937;1,5906;135,7594;-53,2406;67;-7,4627;Alta fidelidade
Minas Gerais;Sudeste;2024-08-15;5;282;447710;846;1319416;20539989;10,1142;8,4600;0,8364;0,7801;0,8928;1011,4198;165,4198;278;1,4388;Potencial de crescimento
Paraná;Sul;2024-08-17;3;146;273818;416;730468;11444380;5,6354;4,1600;0,7382;0,6673;0,8091;563,5384;147,5384;121;20,6612;Potencial de crescimento
Paraíba;Nordeste;2024-08-17;3;79;171614;240;437228;3974687;1,9572;2,4000;1,2262;1,0711;1,3814;195,7195;-44,2805;81;-2,4691;Alta fidelidade
Pará;Norte;2024-07-30;21;24;41065;96;132860;8120131;3,9985;0,9600;0,2401;0,1921;0,2881;399,8474;303,8474;39;-38,4615;Subexplorada
Pernambuco;Nordeste;2024-08-17;3;140;231338;401;612641;9058931;4,4608;4,0100;0,8990;0,8110;0,9869;446,0753;45,0753;134;4,4776;Potencial de crescimento
Piauí;Nordeste;2024-08-09;11;55;98663;155;243154;3271199;1,6108;1,5500;0,9623;0,8108;1,1138;161,0787;6,0787;54;1,8519;Em linha com a população (neutra)
Rio Grande do Norte;Nordeste;2024-08-09;11;29;46895;81;104735;3302729;1,6263;0,8100;0,4981;0,3896;0,6065;162,6313;81,6313;24;20,8333;Subexplorada
Rio Grande do Sul;Sul;2024-08-18;2;105;168735;306;465093;10882965;5,3589;3,0600;0,5710;0,5070;0,6350;535,8935;229,8935;103;1,9417;Potencial de crescimento
Rio de Janeiro;Sudeste;2024-08-18;2;459;662354;1356;2135391;16055174;7,9058;13,5600;1,7152;1,6239;1,8065;790,5808;-565,4192;432;6,2500;Alta fidelidade
Rondônia;Norte;2024-06-22;59;5;15990;22;42089;1581196;0,7786;0,2200;0,2826;0,1645;0,4006;77,8605;55,8605;8;-37,5000;Subexplorada
Santa Catarina;Sul;2024-08-16;4;14;41623;38;70178;7610361;3,7475;0,3800;0,1014;0,0692;0,1336;374,7456;336,7456;7;100,0000;Subexplorada
Sergipe;Nordeste;2024-08-08;12;12;12930;49;65459;2210004;1,0882;0,4900;0,4503;0,3242;0,5763;108,8239;59,8239;17;-29,4118;Subexplorada
São Paulo;Sudeste;2024-08-19;1;1118;1859056;3266;5305572;44411238;21,8688;32,6600;1,4935;1,4422;1,5447;2186,8757;-1079,1243;1067;4,7798;Alta fidelidade
Tocantins;Norte;2024-08-01;19;4;3691;20;39406;1511460;0,7443;0,2000;0,2687;0,1509;0,3865;74,4265;54,4265;5;-20,0000;Subexplorada
