Produto;Trimestre;Feedbacks;Nota_media;Pct_negativo
Aparelho de som;2021T3;3;4,6667;0,0000
Aparelho de som;2021T4;30;3,6000;20,0000
Aparelho de som;2022T1;28;4,0357;10,7143
Aparelho de som;2022T2;17;4,2353;5,8824
Aparelho de som;2022T3;35;3,8571;17,1429
Aparelho de som;2022T4;27;3,6667;22,2222
Aparelho de som;2023T1;28;4,0357;7,1429
Aparelho de som;2023T2;34;3,3824;29,4118
Aparelho de som;2023T3;27;3,7778;22,2222
Aparelho de som;2023T4;33;4,1212;12,1212
Aparelho de som;2024T1;30;4,1667;10,0000
Aparelho de som;2024T2;31;3,8387;12,9032
Aparelho de som;2024T3;27;3,9259;14,8148
Aparelho de som;2024T4;1;4,0000;0,0000
Aspirador de pó;2021T3;3;2,6667;66,6667
Aspirador de pó;2021T4;27;4,0370;14,8148
Aspirador de pó;2022T1;25;4,0400;12,0000
Aspirador de pó;2022T2;39;3,7179;20,5128
Aspirador de pó;2022T3;27;4,0370;14,8148
Aspirador de pó;2022T4;25;3,6000;20,0000
Aspirador de pó;2023T1;27;3,9259;18,5185
Aspirador de pó;2023T2;29;4,1034;10,3448
Aspirador de pó;2023T3;26;4,0000;19,2308
Aspirador de pó;2023T4;28;3,9643;17,8571
Aspirador de pó;2024T1;32;3,7500;15,6250
Aspirador de pó;2024T2;26;4,1538;7,6923
Aspirador de pó;2024T3;22;3,8636;9,0909
Aspirador de pó;2024T4;1;4,0000;0,0000
Batedeira;2021T3;1;4,0000;0,0000
Batedeira;2021T4;22;3,2273;31,8182
Batedeira;2022T1;22;4,0455;4,5455
Batedeira;2022T2;28;3,5357;14,2857
Batedeira;2022T3;29;3,1379;24,1379
Batedeira;2022T4;17;3,7059;11,7647
Batedeira;2023T1;22;3,9091;13,6364
Batedeira;2023T2;25;3,8800;12,0000
Batedeira;2023T3;34;3,7647;14,7059
Batedeira;2023T4;27;3,8519;14,8148
Batedeira;2024T1;33;3,7273;18,1818
Batedeira;2024T2;26;3,3846;23,0769
Batedeira;2024T3;21;3,2857;33,3333
Cafeteira;2021T3;4;4,0000;0,0000
Cafeteira;2021T4;24;3,9583;12,5000
Cafeteira;2022T1;32;4,0000;12,5000
Cafeteira;2022T2;31;3,9677;9,6774
Cafeteira;2022T3;15;3,3333;33,3333
Cafeteira;2022T4;25;4,2800;0,0000
Cafeteira;2023T1;36;3,8611;19,4444
Cafeteira;2023T2;34;4,0294;17,6471
Cafeteira;2023T3;37;3,9459;10,8108
Cafeteira;2023T4;25;3,6800;12,0000
Cafeteira;2024T1;39;3,7692;17,9487
Cafeteira;2024T2;28;3,5714;25,0000
Cafeteira;2024T3;28;4,0357;7,1429
Cafeteira expresso;2021T3;3;4,6667;0,0000
Cafeteira expresso;2021T4;23;3,7391;21,7391
Cafeteira expresso;2022T1;27;4,0741;11,1111
Cafeteira expresso;2022T2;34;4,2353;2,9412
Cafeteira expresso;2022T3;33;3,7879;15,1515
Cafeteira expresso;2022T4;31;3,8387;19,3548
Cafeteira expresso;2023T1;29;3,8276;17,2414
Cafeteira expresso;2023T2;29;3,7241;20,6897
Cafeteira expresso;2023T3;37;3,7838;21,6216
Cafeteira expresso;2023T4;30;3,6667;13,3333
Cafeteira expresso;2024T1;25;3,5200;24,0000
Cafeteira expresso;2024T2;32;4,0625;6,2500
Cafeteira expresso;2024T3;19;4,0000;10,5263
Cafeteira expresso;2024T4;1;4,0000;0,0000
Chuveiro elétrico;2021T3;8;4,0000;0,0000
Chuveiro elétrico;2021T4;29;3,6207;17,2414
Chuveiro elétrico;2022T1;37;3,9189;13,5135
Chuveiro elétrico;2022T2;27;3,7778;14,8148
Chuveiro elétrico;2022T3;23;3,7826;8,6957
Chuveiro elétrico;2022T4;23;3,3913;30,4348
Chuveiro elétrico;2023T1;28;3,6786;25,0000
Chuveiro elétrico;2023T2;32;4,0000;12,5000
Chuveiro elétrico;2023T3;42;3,5952;26,1905
Chuveiro elétrico;2023T4;27;4,0741;14,8148
Chuveiro elétrico;2024T1;28;4,1071;7,1429
Chuveiro elétrico;2024T2;24;4,0000;12,5000
Chuveiro elétrico;2024T3;28;4,5357;3,5714
Chuveiro elétrico;2024T4;2;4,0000;0,0000
Câmera de segurança;2021T3;1;4,0000;0,0000
Câmera de segurança;2021T4;22;3,8182;22,7273
Câmera de segurança;2022T1;37;3,8919;16,2162
Câmera de segurança;2022T2;26;3,9615;15,3846
Câmera de segurança;2022T3;31;3,7742;16,1290
Câmera de segurança;2022T4;30;3,9333;13,3333
Câmera de segurança;2023T1;19;4,0526;15,7895
Câmera de segurança;2023T2;22;3,6364;18,1818
Câmera de segurança;2023T3;32;4,2188;9,3750
Câmera de segurança;2023T4;30;3,4333;23,3333
Câmera de segurança;2024T1;21;3,7619;14,2857
Câmera de segurança;2024T2;19;4,0526;15,7895
Câmera de segurança;2024T3;25;4,0000;20,0000
Câmera de segurança;2024T4;2;3,5000;50,0000
Câmera digital;2021T3;8;4,0000;12,5000
Câmera digital;2021T4;20;3,7500;10,0000
Câmera digital;2022T1;31;4,1613;6,4516
Câmera digital;2022T2;33;3,8485;21,2121
Câmera digital;2022T3;19;3,8421;21,0526
Câmera digital;2022T4;20;4,2500;10,0000
Câmera digital;2023T1;19;3,5789;26,3158
Câmera digital;2023T2;26;3,6538;15,3846
Câmera digital;2023T3;22;4,4545;4,5455
Câmera digital;2023T4;32;4,2500;3,1250
Câmera digital;2024T1;23;4,1739;13,0435
Câmera digital;2024T2;28;4,1071;10,7143
Câmera digital;2024T3;18;3,7222;22,2222
Câmera digital;2024T4;1;3,0000;0,0000
Ferro de passar roupa;2021T3;3;2,0000;66,6667
Ferro de passar roupa;2021T4;30;3,9000;13,3333
Ferro de passar roupa;2022T1;30;4,1333;6,6667
Ferro de passar roupa;2022T2;23;4,1304;13,0435
Ferro de passar roupa;2022T3;23;3,7826;13,0435
Ferro de passar roupa;2022T4;30;4,0667;16,6667
Ferro de passar roupa;2023T1;28;3,8929;17,8571
Ferro de passar roupa;2023T2;20;3,9500;10,0000
Ferro de passar roupa;2023T3;31;3,7742;12,9032
Ferro de passar roupa;2023T4;27;3,6296;14,8148
Ferro de passar roupa;2024T1;25;3,9200;16,0000
Ferro de passar roupa;2024T2;19;4,4737;10,5263
Ferro de passar roupa;2024T3;24;3,2500;29,1667
Fone de ouvido;2021T3;4;4,7500;0,0000
Fone de ouvido;2021T4;28;3,7857;25,0000
Fone de ouvido;2022T1;35;4,2571;8,5714
Fone de ouvido;2022T2;23;4,0870;8,6957
Fone de ouvido;2022T3;33;3,8182;18,1818
Fone de ouvido;2022T4;20;3,6500;15,0000
Fone de ouvido;2023T1;30;3,6333;13,3333
Fone de ouvido;2023T2;23;3,7391;17,3913
Fone de ouvido;2023T3;32;3,9688;15,6250
Fone de ouvido;2023T4;26;4,1538;7,6923
Fone de ouvido;2024T1;25;4,0800;12,0000
Fone de ouvido;2024T2;26;3,9615;15,3846
Fone de ouvido;2024T3;26;3,8462;15,3846
Fone de ouvido;2024T4;2;4,0000;0,0000
Forno elétrico;2021T3;3;4,6667;0,0000
Forno elétrico;2021T4;32;4,0625;12,5000
Forno elétrico;2022T1;25;3,2400;32,0000
Forno elétrico;2022T2;31;4,0645;9,6774
Forno elétrico;2022T3;15;4,0000;20,0000
Forno elétrico;2022T4;39;3,8718;15,3846
Forno elétrico;2023T1;19;4,2105;10,5263
Forno elétrico;2023T2;22;4,0909;13,6364
Forno elétrico;2023T3;33;3,9697;21,2121
Forno elétrico;2023T4;36;3,6944;16,6667
Forno elétrico;2024T1;28;3,9643;14,2857
Forno elétrico;2024T2;31;3,9032;12,9032
Forno elétrico;2024T3;32;3,7188;18,7500
Frigobar;2021T3;6;3,8333;0,0000
Frigobar;2021T4;33;3,5152;24,2424
Frigobar;2022T1;38;3,8158;18,4211
Frigobar;2022T2;30;4,0333;10,0000
Frigobar;2022T3;22;3,4545;36,3636
Frigobar;2022T4;29;3,7586;17,2414
Frigobar;2023T1;26;3,5769;11,5385
Frigobar;2023T2;24;4,1250;8,3333
Frigobar;2023T3;27;4,0000;11,1111
Frigobar;2023T4;23;3,6522;13,0435
Frigobar;2024T1;22;4,0909;9,0909
Frigobar;2024T2;32;4,0000;18,7500
Frigobar;2024T3;25;4,2000;8,0000
Frigobar;2024T4;1;4,0000;0,0000
Fritadeira elétrica;2021T3;4;4,0000;0,0000
Fritadeira elétrica;2021T4;26;4,2308;7,6923
Fritadeira elétrica;2022T1;33;4,0303;9,0909
Fritadeira elétrica;2022T2;15;3,9333;13,3333
Fritadeira elétrica;2022T3;32;4,2812;3,1250
Fritadeira elétrica;2022T4;22;4,0909;0,0000
Fritadeira elétrica;2023T1;21;4,0476;0,0000
Fritadeira elétrica;2023T2;28;3,8214;14,2857
Fritadeira elétrica;2023T3;31;3,9355;12,9032
Fritadeira elétrica;2023T4;28;3,9286;10,7143
Fritadeira elétrica;2024T1;32;4,0000;9,3750
Fritadeira elétrica;2024T2;33;3,8485;15,1515
Fritadeira elétrica;2024T3;22;3,8182;4,5455
Fritadeira elétrica;2024T4;1;4,0000;0,0000
Geladeira;2021T3;1;5,0000;0,0000
Geladeira;2021T4;40;4,1000;7,5000
Geladeira;2022T1;31;4,1290;12,9032
Geladeira;2022T2;25;3,6800;24,0000
Geladeira;2022T3;28;4,0357;14,2857
Geladeira;2022T4;27;3,7778;22,2222
Geladeira;2023T1;28;3,9643;14,2857
Geladeira;2023T2;28;4,0000;17,8571
Geladeira;2023T3;25;3,8400;16,0000
Geladeira;2023T4;21;4,1429;9,5238
Geladeira;2024T1;22;3,8182;9,0909
Geladeira;2024T2;27;3,8519;18,5185
Geladeira;2024T3;20;3,7500;20,0000
Geladeira;2024T4;1;5,0000;0,0000
Impressora;2021T3;5;3,8000;20,0000
Impressora;2021T4;17;3,9412;17,6471
Impressora;2022T1;31;3,9677;19,3548
Impressora;2022T2;24;3,9167;4,1667
Impressora;2022T3;25;4,0000;12,0000
Impressora;2022T4;26;3,8077;19,2308
Impressora;2023T1;21;3,7143;14,2857
Impressora;2023T2;28;3,3929;25,0000
Impressora;2023T3;32;3,8125;21,8750
Impressora;2023T4;27;3,5556;22,2222
Impressora;2024T1;38;4,1579;13,1579
Impressora;2024T2;27;3,8889;14,8148
Impressora;2024T3;20;3,3000;30,0000
Impressora;2024T4;2;4,0000;0,0000
Liquidificador;2021T3;2;4,5000;0,0000
Liquidificador;2021T4;30;3,6000;20,0000
Liquidificador;2022T1;30;4,0333;13,3333
Liquidificador;2022T2;28;4,2857;3,5714
Liquidificador;2022T3;25;3,7200;20,0000
Liquidificador;2022T4;34;4,1176;8,8235
Liquidificador;2023T1;23;4,0435;13,0435
Liquidificador;2023T2;29;3,6552;17,2414
Liquidificador;2023T3;26;4,2692;3,8462
Liquidificador;2023T4;32;4,2188;9,3750
Liquidificador;2024T1;23;3,9130;8,6957
Liquidificador;2024T2;40;3,9500;10,0000
Liquidificador;2024T3;26;4,1538;11,5385
Liquidificador;2024T4;1;3,0000;0,0000
Micro-ondas;2021T3;2;3,5000;50,0000
Micro-ondas;2021T4;27;4,0000;11,1111
Micro-ondas;2022T1;32;3,9375;9,3750
Micro-ondas;2022T2;30;4,1000;10,0000
Micro-ondas;2022T3;32;3,8438;18,7500
Micro-ondas;2022T4;26;4,0385;15,3846
Micro-ondas;2023T1;22;3,8636;18,1818
Micro-ondas;2023T2;28;4,0000;10,7143
Micro-ondas;2023T3;29;3,4138;24,1379
Micro-ondas;2023T4;27;4,1852;11,1111
Micro-ondas;2024T1;26;3,8462;19,2308
Micro-ondas;2024T2;27;3,8519;11,1111
Micro-ondas;2024T3;22;3,8636;13,6364
Máquina de café;2021T3;3;4,6667;0,0000
Máquina de café;2021T4;27;3,6667;22,2222
Máquina de café;2022T1;38;3,6316;15,7895
Máquina de café;2022T2;27;3,7778;11,1111
Máquina de café;2022T3;40;3,8000;20,0000
Máquina de café;2022T4;29;4,0000;17,2414
Máquina de café;2023T1;19;3,6842;21,0526
Máquina de café;2023T2;29;3,9310;10,3448
Máquina de café;2023T3;19;3,4211;31,5789
Máquina de café;2023T4;20;4,4500;0,0000
Máquina de café;2024T1;39;3,6410;17,9487
Máquina de café;2024T2;34;4,0588;14,7059
Máquina de café;2024T3;26;4,3846;3,8462
Máquina de lavar roupa;2021T3;5;4,2000;20,0000
Máquina de lavar roupa;2021T4;27;3,8889;14,8148
Máquina de lavar roupa;2022T1;33;4,0303;12,1212
Máquina de lavar roupa;2022T2;19;3,7895;15,7895
Máquina de lavar roupa;2022T3;34;3,7059;29,4118
Máquina de lavar roupa;2022T4;24;4,0833;12,5000
Máquina de lavar roupa;2023T1;19;4,1053;5,2632
Máquina de lavar roupa;2023T2;26;3,8077;11,5385
Máquina de lavar roupa;2023T3;31;3,7097;19,3548
Máquina de lavar roupa;2023T4;35;4,0000;5,7143
Máquina de lavar roupa;2024T1;29;3,6897;24,1379
Máquina de lavar roupa;2024T2;28;4,0357;10,7143
Máquina de lavar roupa;2024T3;19;4,3684;5,2632
Notebook;2021T4;19;3,1579;31,5789
Notebook;2022T1;22;3,6818;22,7273
Notebook;2022T2;29;3,8621;13,7931
Notebook;2022T3;20;4,0000;10,0000
Notebook;2022T4;30;3,6667;16,6667
Notebook;2023T1;28;3,7500;17,8571
Notebook;2023T2;25;4,1200;8,0000
Notebook;2023T3;25;3,4800;32,0000
Notebook;2023T4;29;3,9310;13,7931
Notebook;2024T1;27;3,5926;29,6296
Notebook;2024T2;31;3,8065;16,1290
Notebook;2024T3;16;4,0000;18,7500
Notebook;2024T4;1;4,0000;0,0000
Panela elétrica;2021T4;21;3,7619;19,0476
Panela elétrica;2022T1;24;4,1250;12,5000
Panela elétrica;2022T2;24;3,4583;37,5000
Panela elétrica;2022T3;28;4,2857;7,1429
Panela elétrica;2022T4;31;3,8387;16,1290
Panela elétrica;2023T1;32;4,0938;9,3750
Panela elétrica;2023T2;24;4,0000;12,5000
Panela elétrica;2023T3;29;3,8966;17,2414
Panela elétrica;2023T4;23;4,5217;8,6957
Panela elétrica;2024T1;25;3,8800;4,0000
Panela elétrica;2024T2;26;3,9615;15,3846
Panela elétrica;2024T3;17;4,4706;5,8824
Panela elétrica;2024T4;1;5,0000;0,0000
Relógio inteligente;2021T3;4;3,7500;25,0000
Relógio inteligente;2021T4;29;3,8966;17,2414
Relógio inteligente;2022T1;32;3,6562;21,8750
Relógio inteligente;2022T2;30;4,1000;16,6667
Relógio inteligente;2022T3;28;4,0714;10,7143
Relógio inteligente;2022T4;31;3,5806;25,8065
Relógio inteligente;2023T1;27;4,2963;7,4074
Relógio inteligente;2023T2;27;4,1111;7,4074
Relógio inteligente;2023T3;29;3,6552;20,6897
Relógio inteligente;2023T4;19;3,4211;31,5789
Relógio inteligente;2024T1;33;4,2424;15,1515
Relógio inteligente;2024T2;29;3,4483;27,5862
Relógio inteligente;2024T3;27;3,7037;7,4074
Relógio inteligente;2024T4;1;4,0000;0,0000
Secador de cabelo;2021T3;4;3,2500;25,0000
Secador de cabelo;2021T4;27;3,8519;14,8148
Secador de cabelo;2022T1;28;3,8214;17,8571
Secador de cabelo;2022T2;24;4,1667;8,3333
Secador de cabelo;2022T3;37;3,8108;16,2162
Secador de cabelo;2022T4;28;4,0357;7,1429
Secador de cabelo;2023T1;29;4,2759;3,4483
Secador de cabelo;2023T2;20;3,8500;15,0000
Secador de cabelo;2023T3;34;3,6765;26,4706
Secador de cabelo;2023T4;35;3,5714;20,0000
Secador de cabelo;2024T1;26;4,1923;7,6923
Secador de cabelo;2024T2;25;4,2400;12,0000
Secador de cabelo;2024T3;34;3,8529;23,5294
"Smart TV 55""";2021T3;4;4,0000;25,0000
"Smart TV 55""";2021T4;15;3,6000;13,3333
"Smart TV 55""";2022T1;21;3,4762;23,8095
"Smart TV 55""";2022T2;21;3,9524;9,5238
"Smart TV 55""";2022T3;32;3,7500;21,8750
"Smart TV 55""";2022T4;30;3,6000;26,6667
"Smart TV 55""";2023T1;34;3,9706;11,7647
"Smart TV 55""";2023T2;26;3,8077;7,6923
"Smart TV 55""";2023T3;29;3,6897;13,7931
"Smart TV 55""";2023T4;37;3,8108;10,8108
"Smart TV 55""";2024T1;29;4,0345;10,3448
"Smart TV 55""";2024T2;30;3,8333;20,0000
"Smart TV 55""";2024T3;24;4,0000;12,5000
Smartphone;2021T3;1;2,0000;100,0000
Smartphone;2021T4;24;3,6250;25,0000
Smartphone;2022T1;30;3,9000;13,3333
Smartphone;2022T2;23;3,6522;8,6957
Smartphone;2022T3;32;3,6562;15,6250
Smartphone;2022T4;34;3,9118;14,7059
Smartphone;2023T1;28;4,0714;14,2857
Smartphone;2023T2;31;3,9032;16,1290
Smartphone;2023T3;28;3,6429;21,4286
Smartphone;2023T4;29;3,8966;10,3448
Smartphone;2024T1;36;3,8611;16,6667
Smartphone;2024T2;38;3,8421;18,4211
Smartphone;2024T3;29;4,3448;10,3448
Smartphone;2024T4;3;3,6667;33,3333
TV Box;2021T3;2;4,0000;0,0000
TV Box;2021T4;33;3,9697;12,1212
TV Box;2022T1;26;3,8846;15,3846
TV Box;2022T2;26;3,5769;26,9231
TV Box;2022T3;30;3,8000;16,6667
TV Box;2022T4;28;3,8929;17,8571
TV Box;2023T1;26;3,9231;15,3846
TV Box;2023T2;27;4,2963;11,1111
TV Box;2023T3;29;3,5862;20,6897
TV Box;2023T4;29;3,9310;17,2414
TV Box;2024T1;34;3,8235;11,7647
TV Box;2024T2;23;3,3913;30,4348
TV Box;2024T3;25;3,6800;28,0000
TV Box;2024T4;1;4,0000;0,0000
Tablet;2021T3;1;3,0000;0,0000
Tablet;2021T4;24;4,1250;20,8333
Tablet;2022T1;31;3,4516;29,0323
Tablet;2022T2;31;3,6452;16,1290
Tablet;2022T3;35;3,7714;22,8571
Tablet;2022T4;21;4,0000;14,2857
Tablet;2023T1;19;3,8947;21,0526
Tablet;2023T2;23;3,5652;26,0870
Tablet;2023T3;26;4,1538;7,6923
Tablet;2023T4;20;3,6000;20,0000
Tablet;2024T1;35;4,1143;11,4286
Tablet;2024T2;27;3,8889;22,2222
Tablet;2024T3;22;3,6818;27,2727
Ventilador de coluna;2021T3;3;4,0000;0,0000
Ventilador de coluna;2021T4;33;3,7879;12,1212
Ventilador de coluna;2022T1;21;4,2857;4,7619
Ventilador de coluna;2022T2;24;3,8333;16,6667
Ventilador de coluna;2022T3;24;3,7917;20,8333
Ventilador de coluna;2022T4;27;3,9259;14,8148
Ventilador de coluna;2023T1;33;4,0303;6,0606
Ventilador de coluna;2023T2;25;3,8800;16,0000
Ventilador de coluna;2023T3;26;3,9615;7,6923
Ventilador de coluna;2023T4;31;3,8065;19,3548
Ventilador de coluna;2024T1;23;4,0000;13,0435
Ventilador de coluna;2024T2;26;3,8846;11,5385
Ventilador de coluna;2024T3;27;3,9259;11,1111
Ventilador de mesa;2021T3;6;3,5000;16,6667
Ventilador de mesa;2021T4;38;4,0526;13,1579
Ventilador de mesa;2022T1;36;3,7778;19,4444
Ventilador de mesa;2022T2;23;3,7826;17,3913
Ventilador de mesa;2022T3;22;3,5909;22,7273
Ventilador de mesa;2022T4;27;3,5556;22,2222
Ventilador de mesa;2023T1;28;4,2857;7,1429
Ventilador de mesa;2023T2;43;3,9767;13,9535
Ventilador de mesa;2023T3;13;4,2308;15,3846
Ventilador de mesa;2023T4;24;3,8333;12,5000
Ventilador de mesa;2024T1;32;4,1562;9,3750
Ventilador de mesa;2024T2;27;3,8148;14,8148
Ventilador de mesa;2024T3;25;3,8000;20,0000
Ventilador de mesa;2024T4;1;4,0000;0,0000
Ventilador de teto;2021T3;4;4,2500;0,0000
Ventilador de teto;2021T4;32;4,0000;9,3750
Ventilador de teto;2022T1;18;3,9444;11,1111
Ventilador de teto;2022T2;33;3,7576;21,2121
Ventilador de teto;2022T3;32;3,9375;15,6250
Ventilador de teto;2022T4;32;3,9062;12,5000
Ventilador de teto;2023T1;30;3,8333;20,0000
Ventilador de teto;2023T2;23;3,6522;26,0870
Ventilador de teto;2023T3;31;3,8065;19,3548
Ventilador de teto;2023T4;18;4,3889;5,5556
Ventilador de teto;2024T1;19;3,9474;21,0526
Ventilador de teto;2024T2;22;3,6364;22,7273
Ventilador de teto;2024T3;36;4,1389;13,8889
Ventilador de teto;2024T4;2;2,0000;50,0000
