Produto;Plataforma;Feedbacks;Nota_media;Pct_negativo
Aparelho de som;Facebook;104;3,8077;17,3077
Aparelho de som;Instagram;50;3,6400;16,0000
Aparelho de som;TikTok;58;3,8793;13,7931
Aparelho de som;X (Twitter);139;4,0144;15,1079
Aspirador de pó;Facebook;96;3,9062;16,6667
Aspirador de pó;Instagram;56;3,8214;19,6429
Aspirador de pó;TikTok;55;3,9273;18,1818
Aspirador de pó;X (Twitter);130;3,9538;12,3077
Batedeira;Facebook;91;3,5275;18,6813
Batedeira;Instagram;43;3,5814;20,9302
Batedeira;TikTok;45;3,7111;22,2222
Batedeira;X (Twitter);128;3,6719;14,8438
Cafeteira;Facebook;97;3,9072;13,4021
Cafeteira;Instagram;60;4,0500;10,0000
Cafeteira;TikTok;48;3,7917;18,7500
Cafeteira;X (Twitter);153;3,8497;15,0327
Cafeteira expresso;Facebook;105;3,8857;13,3333
Cafeteira expresso;Instagram;49;4,0204;14,2857
Cafeteira expresso;TikTok;50;3,5200;22,0000
Cafeteira expresso;X (Twitter);149;3,9195;14,0940
Chuveiro elétrico;Facebook;112;3,8839;13,3929
Chuveiro elétrico;Instagram;60;3,9667;15,0000
Chuveiro elétrico;TikTok;57;3,8246;19,2982
Chuveiro elétrico;X (Twitter);129;3,8450;15,5039
Câmera de segurança;Facebook;94;3,8085;18,0851
Câmera de segurança;Instagram;41;3,9512;12,1951
Câmera de segurança;TikTok;45;3,9556;13,3333
Câmera de segurança;X (Twitter);137;3,8686;18,2482
Câmera digital;Facebook;94;3,9574;12,7660
Câmera digital;Instagram;44;4,2955;9,0909
Câmera digital;TikTok;40;3,8500;12,5000
Câmera digital;X (Twitter);122;3,9672;14,7541
Ferro de passar roupa;Facebook;102;4,0882;11,7647
Ferro de passar roupa;Instagram;56;3,7679;17,8571
Ferro de passar roupa;TikTok;47;3,5532;27,6596
Ferro de passar roupa;X (Twitter);108;3,8889;11,1111
Fone de ouvido;Facebook;114;3,9474;14,0351
Fone de ouvido;Instagram;49;3,8980;14,2857
Fone de ouvido;TikTok;50;3,9400;16,0000
Fone de ouvido;X (Twitter);120;3,9333;13,3333
Forno elétrico;Facebook;112;3,7946;19,6429
Forno elétrico;Instagram;47;4,0638;12,7660
Forno elétrico;TikTok;53;4,1132;9,4340
Forno elétrico;X (Twitter);134;3,8284;17,1642
Frigobar;Facebook;91;4,0000;13,1868
Frigobar;Instagram;51;3,8235;15,6863
Frigobar;TikTok;51;3,9608;13,7255
Frigobar;X (Twitter);145;3,7241;17,2414
Fritadeira elétrica;Facebook;97;4,0412;9,2784
Fritadeira elétrica;Instagram;57;4,0702;3,5088
Fritadeira elétrica;TikTok;43;3,8372;13,9535
Fritadeira elétrica;X (Twitter);131;3,9924;8,3969
Geladeira;Facebook;89;3,7978;21,3483
Geladeira;Instagram;46;3,9783;15,2174
Geladeira;TikTok;44;4,0227;13,6364
Geladeira;X (Twitter);145;4,0000;11,7241
Impressora;Facebook;99;3,8081;17,1717
Impressora;Instagram;52;3,6923;21,1538
Impressora;TikTok;37;3,9189;16,2162
Impressora;X (Twitter);135;3,8222;17,0370
Liquidificador;Facebook;100;4,0700;11,0000
Liquidificador;Instagram;64;3,8750;17,1875
Liquidificador;TikTok;53;4,0755;3,7736
Liquidificador;X (Twitter);132;3,9697;12,1212
Micro-ondas;Facebook;96;3,9167;13,5417
Micro-ondas;Instagram;41;3,9024;14,6341
Micro-ondas;TikTok;50;4,0200;10,0000
Micro-ondas;X (Twitter);143;3,8671;16,7832
Máquina de café;Facebook;92;3,6304;20,6522
Máquina de café;Instagram;57;3,9825;14,0351
Máquina de café;TikTok;51;3,8627;19,6078
Máquina de café;X (Twitter);150;3,9667;11,3333
Máquina de lavar roupa;Facebook;104;3,7981;18,2692
Máquina de lavar roupa;Instagram;49;4,1633;8,1633
Máquina de lavar roupa;TikTok;48;4,0625;8,3333
Máquina de lavar roupa;X (Twitter);128;3,8750;16,4062
Notebook;Facebook;92;3,6957;21,7391
Notebook;Instagram;50;3,9200;16,0000
Notebook;TikTok;46;3,6739;19,5652
Notebook;X (Twitter);114;3,7719;17,5439
Panela elétrica;Facebook;94;4,0426;13,8298
Panela elétrica;Instagram;49;4,1020;8,1633
Panela elétrica;TikTok;43;4,1860;11,6279
Panela elétrica;X (Twitter);119;3,8992;16,8067
Relógio inteligente;Facebook;113;3,8938;15,0442
Relógio inteligente;Instagram;41;3,6098;26,8293
Relógio inteligente;TikTok;50;3,7800;14,0000
Relógio inteligente;X (Twitter);142;3,9296;17,6056
Secador de cabelo;Facebook;103;3,8641;14,5631
Secador de cabelo;Instagram;69;4,0000;13,0435
Secador de cabelo;TikTok;40;4,0500;12,5000
Secador de cabelo;X (Twitter);139;3,8777;17,2662
"Smart TV 55""";Facebook;107;3,7757;14,0187
"Smart TV 55""";Instagram;54;3,3889;27,7778
"Smart TV 55""";TikTok;49;3,9592;12,2449
"Smart TV 55""";X (Twitter);122;3,9590;12,2951
Smartphone;Facebook;110;3,9364;15,4545
Smartphone;Instagram;57;3,9474;10,5263
Smartphone;TikTok;43;3,6512;20,9302
Smartphone;X (Twitter);156;3,8269;16,6667
TV Box;Facebook;121;3,7851;17,3554
TV Box;Instagram;45;4,0667;15,5556
TV Box;TikTok;59;4,0339;16,9492
TV Box;X (Twitter);114;3,6579;20,1754
Tablet;Facebook;87;3,7586;20,6897
Tablet;Instagram;47;4,0213;14,8936
Tablet;TikTok;53;3,6604;26,4151
Tablet;X (Twitter);128;3,8594;17,9688
Ventilador de coluna;Facebook;108;3,8981;15,7407
Ventilador de coluna;Instagram;47;3,8936;8,5106
Ventilador de coluna;TikTok;50;3,9800;6,0000
Ventilador de coluna;X (Twitter);118;3,9237;14,4068
Ventilador de mesa;Facebook;114;3,8947;14,0351
Ventilador de mesa;Instagram;50;3,7400;14,0000
Ventilador de mesa;TikTok;40;4,2000;10,0000
Ventilador de mesa;X (Twitter);141;3,8794;18,4397
Ventilador de teto;Facebook;107;3,8785;14,9533
Ventilador de teto;Instagram;41;3,9024;17,0732
Ventilador de teto;TikTok;60;3,9167;15,0000
Ventilador de teto;X (Twitter);124;3,9113;18,5484
