Produto;Categoria;Feedbacks;Nota_media;Mediana;Desvio;IC95_inf;IC95_sup;Pct_nota_1_2;Pct_nota_3;Pct_nota_4_5;Positivos;Neutros;Negativos;Pct_positivo;Pct_neutro;Pct_negativo;Dif_vs_media_geral;p_vs_demais;p_ajustado_BH;Significativo_5pct;Rank_nota;Rank_pct_negativo
Panela elétrica;Eletrodomésticos;305;4,0164;4,0000;1,1626;3,8859;4,1469;13,7705;14,4262;71,8033;219;44;42;71,8033;14,4262;13,7705;0,1326;0,0233;0,3499;Não;1;26
Fritadeira elétrica;Eletrodomésticos;328;4,0000;4,0000;1,0405;3,8874;4,1126;8,5366;18,2927;73,1707;240;60;28;73,1707;18,2927;8,5366;0,1162;0,2961;0,9852;Não;2;30
Liquidificador;Eletrodomésticos;349;3,9971;4,0000;1,1051;3,8812;4,1131;11,4613;16,3324;72,2063;252;57;40;72,2063;16,3324;11,4613;0,1133;0,1205;0,6027;Não;3;29
Câmera digital;Eletrônicos;300;3,9967;4,0000;1,1259;3,8693;4,1241;13,0000;14,3333;72,6667;218;43;39;72,6667;14,3333;13,0000;0,1129;0,1123;0,6027;Não;4;27
Geladeira;Eletrodomésticos;324;3,9444;4,0000;1,1280;3,8216;4,0673;15,1235;12,6543;72,2222;234;41;49;72,2222;12,6543;15,1235;0,0606;0,4882;0,9852;Não;5;18
Fone de ouvido;Eletrônicos;333;3,9339;4,0000;1,1545;3,8099;4,0579;14,1141;14,1141;71,7718;239;47;47;71,7718;14,1141;14,1141;0,0501;0,5101;0,9852;Não;6;25
Máquina de lavar roupa;Eletrodomésticos;329;3,9210;4,0000;1,1369;3,7981;4,0438;14,5897;14,8936;70,5167;232;49;48;70,5167;14,8936;14,5897;0,0372;0,7523;0,9996;Não;7;22
Ventilador de coluna;Eletrodomésticos;323;3,9195;4,0000;1,1144;3,7980;4,0410;12,6935;17,0279;70,2786;227;55;41;70,2786;17,0279;12,6935;0,0357;0,9302;0,9996;Não;8;28
Secador de cabelo;Eletrodomésticos;351;3,9174;4,0000;1,1864;3,7933;4,0415;15,0997;14,8148;70,0855;246;52;53;70,0855;14,8148;15,0997;0,0336;0,5254;0,9852;Não;9;19
Aspirador de pó;Eletrodomésticos;337;3,9139;4,0000;1,2082;3,7849;4,0429;15,7270;14,2433;70,0297;236;48;53;70,0297;14,2433;15,7270;0,0301;0,4651;0,9852;Não;10;11
Micro-ondas;Eletrodomésticos;330;3,9091;4,0000;1,1686;3,7830;4,0352;14,5455;15,7576;69,6970;230;52;48;69,6970;15,7576;14,5455;0,0253;0,7507;0,9996;Não;11;23
Ventilador de mesa;Eletrodomésticos;345;3,9014;4,0000;1,2016;3,7747;4,0282;15,3623;13,9130;70,7246;244;48;53;70,7246;13,9130;15,3623;0,0176;0,6801;0,9996;Não;12;16
Ventilador de teto;Eletrodomésticos;332;3,9006;4,0000;1,2385;3,7674;4,0338;16,5663;14,1566;69,2771;230;47;55;69,2771;14,1566;16,5663;0,0168;0,4695;0,9852;Não;13;8
Forno elétrico;Eletrodomésticos;346;3,8931;4,0000;1,1979;3,7668;4,0193;16,1850;14,1618;69,6532;241;49;56;69,6532;14,1618;16,1850;0,0093;0,7926;0,9996;Não;14;9
Cafeteira;Eletrodomésticos;358;3,8911;4,0000;1,1843;3,7684;4,0137;14,2458;15,6425;70,1117;251;56;51;70,1117;15,6425;14,2458;0,0073;0,9514;0,9996;Não;15;24
Ferro de passar roupa;Eletrodomésticos;313;3,8818;4,0000;1,1911;3,7498;4,0137;15,0160;15,9744;69,0096;216;50;47;69,0096;15,9744;15,0160;-0,0020;0,9750;0,9996;Não;16;20
Aparelho de som;Eletrônicos;351;3,8775;4,0000;1,2303;3,7488;4,0062;15,6695;13,1054;71,2251;250;46;55;71,2251;13,1054;15,6695;-0,0063;0,8846;0,9996;Não;17;12
Chuveiro elétrico;Eletrodomésticos;358;3,8743;4,0000;1,2269;3,7472;4,0014;15,3631;15,0838;69,5531;249;54;55;69,5531;15,0838;15,3631;-0,0095;0,9325;0,9996;Não;18;15
Câmera de segurança;Eletrônicos;317;3,8738;4,0000;1,2490;3,7363;4,0113;16,7192;13,8801;69,4006;220;44;53;69,4006;13,8801;16,7192;-0,0100;0,7876;0,9996;Não;19;7
Cafeteira expresso;Eletrodomésticos;353;3,8669;4,0000;1,1589;3,7460;3,9878;15,0142;17,5637;67,4221;238;62;53;67,4221;17,5637;15,0142;-0,0169;0,5930;0,9883;Não;20;21
Máquina de café;Eletrodomésticos;350;3,8657;4,0000;1,2025;3,7397;3,9917;15,4286;17,1429;67,4286;236;60;54;67,4286;17,1429;15,4286;-0,0181;0,8231;0,9996;Não;21;13
Relógio inteligente;Eletrônicos;346;3,8584;4,0000;1,2465;3,7270;3,9897;17,3410;14,4509;68,2081;236;50;60;68,2081;14,4509;17,3410;-0,0254;0,9996;0,9996;Não;22;6
Smartphone;Eletrônicos;366;3,8579;4,0000;1,1851;3,7365;3,9793;15,8470;14,2077;69,9454;256;52;58;69,9454;14,2077;15,8470;-0,0259;0,5712;0,9883;Não;23;10
Frigobar;Eletrodomésticos;338;3,8491;4,0000;1,1700;3,7244;3,9738;15,3846;16,5680;68,0473;230;56;52;68,0473;16,5680;15,3846;-0,0347;0,4254;0,9852;Não;24;14
TV Box;Eletrônicos;339;3,8230;4,0000;1,2300;3,6921;3,9539;17,9941;13,2743;68,7316;233;45;61;68,7316;13,2743;17,9941;-0,0608;0,4164;0,9852;Não;25;3
Tablet;Eletrônicos;315;3,8222;4,0000;1,2416;3,6851;3,9593;19,6825;13,0159;67,3016;212;41;62;67,3016;13,0159;19,6825;-0,0616;0,5224;0,9852;Não;26;1
Impressora;Eletrônicos;323;3,8080;4,0000;1,2387;3,6730;3,9431;17,6471;16,4087;65,9443;213;53;57;65,9443;16,4087;17,6471;-0,0758;0,3357;0,9852;Não;27;5
"Smart TV 55""";Eletrônicos;332;3,8072;4,0000;1,1630;3,6821;3,9323;15,3614;17,4699;67,1687;223;58;51;67,1687;17,4699;15,3614;-0,0766;0,1031;0,6027;Não;28;17
Notebook;Eletrônicos;302;3,7583;4,0000;1,2620;3,6159;3,9006;18,8742;14,9007;66,2252;200;45;57;66,2252;14,9007;18,8742;-0,1255;0,1009;0,6027;Não;29;2
Batedeira;Eletrodomésticos;307;3,6221;4,0000;1,2369;3,4838;3,7605;21,1726;17,2638;61,5635;188;64;55;61,2378;20,8469;17,9153;-0,2617;0,0000;0,0013;Sim;30;4
