Trimestre;Feedbacks;Nota_media;Pct_positivo;Pct_neutro;Pct_negativo
2021T3;98;3,9184;70,4082;16,3265;13,2653
2021T4;809;3,8282;67,2435;16,0692;16,6873
2022T1;884;3,9129;70,5882;14,8190;14,5928
2022T2;798;3,8935;69,1729;16,6667;14,1604
2022T3;841;3,8216;66,7063;15,6956;17,5981
2022T4;823;3,8615;67,9222;16,0389;16,0389
2023T1;778;3,9370;70,8226;15,4242;13,7532
2023T2;810;3,8704;69,2593;15,5556;15,1852
2023T3;872;3,8360;68,6927;13,7615;17,5459
2023T4;828;3,9034;71,0145;15,5797;13,4058
2024T1;859;3,9302;70,1979;15,5995;14,2026
2024T2;842;3,8884;69,4774;14,7268;15,7957
2024T3;732;3,9290;71,5847;13,2514;15,1639
2024T4;26;3,7692;73,0769;15,3846;11,5385
