Produto;Feedbacks_ref;Nota_ref;Pct_neg_ref;Feedbacks_rec;Nota_rec;Pct_neg_rec;p_valor;Delta_nota;Delta_neg_pp;p_ajustado_BH
Batedeira;141;3,8156;14,8936;47;3,3404;27,6596;0,0538;-0,4752;12,7660;0,4031
Relógio inteligente;135;3,9852;15,5556;57;3,5789;17,5439;0,0140;-0,4062;1,9883;0,3205
TV Box;145;3,9034;15,1724;49;3,5510;28,5714;0,1978;-0,3524;13,3990;0,5848
Ventilador de mesa;140;4,0786;11,4286;53;3,8113;16,9811;0,0891;-0,2673;5,5526;0,4456
Forno elétrico;138;3,9493;15,9420;63;3,8095;15,8730;0,2144;-0,1398;-0,0690;0,5848
Geladeira;124;3,9516;13,7097;48;3,8333;18,7500;0,6393;-0,1183;5,0403;0,9290
Impressora;146;3,7603;19,1781;49;3,6531;20,4082;0,4622;-0,1072;1,2301;0,9244
Tablet;123;3,9024;16,2602;49;3,7959;24,4898;0,8993;-0,1065;8,2296;0,9303
Câmera digital;122;4,0410;11,4754;47;3,9362;14,8936;0,5941;-0,1048;3,4182;0,9290
Fritadeira elétrica;140;3,9429;10,0000;56;3,8393;10,7143;0,5661;-0,1036;0,7143;0,9290
Cafeteira;171;3,8655;15,7895;56;3,8036;16,0714;0,3739;-0,0619;0,2820;0,8450
Ferro de passar roupa;131;3,8244;14,5038;43;3,7907;20,9302;0,8483;-0,0337;6,4264;0,9290
Ventilador de coluna;138;3,9348;12,3188;53;3,9057;11,3208;0,7925;-0,0291;-0,9981;0,9290
Ventilador de teto;121;3,8926;19,0083;60;3,8833;18,3333;0,9315;-0,0092;-0,6749;0,9315
Liquidificador;133;4,0226;10,5263;67;4,0149;10,4478;0,8671;-0,0076;-0,0786;0,9290
Aparelho de som;152;3,8882;16,4474;59;3,8814;13,5593;0,7287;-0,0068;-2,8880;0,9290
Fone de ouvido;136;3,9118;13,2353;54;3,9074;14,8148;0,8380;-0,0044;1,5795;0,9290
Micro-ondas;132;3,8561;16,6667;49;3,8571;12,2449;0,8398;0,0011;-4,4218;0,9290
"Smart TV 55""";155;3,8645;10,9677;54;3,9074;16,6667;0,5573;0,0429;5,6989;0,9290
Aspirador de pó;142;3,9437;16,1972;49;4,0204;8,1633;0,8204;0,0767;-8,0339;0,9290
Notebook;134;3,7761;20,1493;48;3,8750;16,6667;0,7418;0,0989;-3,4826;0,9290
Panela elétrica;133;4,0677;10,5263;44;4,1818;11,3636;0,5283;0,1141;0,8373;0,9290
Secador de cabelo;144;3,8889;15,2778;59;4,0169;18,6441;0,3943;0,1281;3,3663;0,8450
Smartphone;152;3,8750;15,7895;70;4,0429;15,7143;0,1583;0,1679;-0,0752;0,5848
Câmera de segurança;124;3,8226;16,1290;46;4,0000;19,5652;0,1870;0,1774;3,4362;0,5848
Frigobar;122;3,8852;10,6557;58;4,0862;13,7931;0,2451;0,2010;3,1374;0,6127
Máquina de lavar roupa;140;3,8500;13,5714;47;4,1702;8,5106;0,0730;0,3202;-5,0608;0,4381
Cafeteira expresso;150;3,7133;19,3333;52;4,0385;7,6923;0,1129;0,3251;-11,6410;0,4839
Máquina de café;126;3,8095;15,8730;60;4,2000;10,0000;0,0321;0,3905;-5,8730;0,3205
Chuveiro elétrico;157;3,8662;17,8344;54;4,2778;7,4074;0,0218;0,4115;-10,4270;0,3205
