Chave_Produto;Produto;Feedbacks;Nota_feedback;Pct_notas_1_2_feedback;Vendas_registros;Unidades;Receita;Preco_unitario;Nota_nas_vendas;Unidades_Dados_Vendas;Receita_Dados_Vendas
P01;Aparelho de som;351;3,8775;15,6695;351;705;351795;499,0000;3,8775;;
P04;Aspirador de pó;337;3,9139;15,7270;337;652;260148;399,0000;3,9139;;
P05;Batedeira;307;3,6221;21,1726;307;627;124773;199,0000;3,7296;;
P06;Cafeteira;358;3,8911;14,2458;358;709;141091;199,0000;3,8911;11139,0000;3440039,2828
P07;Cafeteira expresso;353;3,8669;15,0142;353;706;493494;699,0000;3,8669;;
P09;Chuveiro elétrico;358;3,8743;15,3631;358;721;64169;89,0000;3,8743;;
P11;Câmera de segurança;317;3,8738;16,7192;317;680;271320;399,0000;3,8738;;
P12;Câmera digital;300;3,9967;13,0000;300;588;763812;1299,0000;3,9967;11478,0000;11735564,6717
P13;Ferro de passar roupa;313;3,8818;15,0160;313;627;62073;99,0000;3,8818;;
P14;Fone de ouvido;333;3,9339;14,1141;333;657;130743;199,0000;3,9339;;
P15;Forno elétrico;346;3,8931;16,1850;346;708;282492;399,0000;3,8931;;
P16;Frigobar;338;3,8491;15,3846;338;691;621209;899,0000;3,8491;;
P17;Fritadeira elétrica;328;4,0000;8,5366;328;647;225803;349,0000;4,0000;;
P18;Geladeira;324;3,9444;15,1235;324;644;1802556;2799,0000;3,9444;;
P19;Impressora;323;3,8080;17,6471;323;626;374974;599,0000;3,8080;;
P20;Liquidificador;349;3,9971;11,4613;349;713;106237;149,0000;3,9971;;
P21;Micro-ondas;330;3,9091;14,5455;330;675;336825;499,0000;3,9091;;
P22;Máquina de café;350;3,8657;15,4286;350;720;431280;599,0000;3,8657;;
P23;Máquina de lavar roupa;329;3,9210;14,5897;329;652;1564148;2399,0000;3,9210;;
P24;Notebook;302;3,7583;18,8742;302;626;2190374;3499,0000;3,7583;18300,0000;83873296,5020
P25;Panela elétrica;305;4,0164;13,7705;305;621;185679;299,0000;4,0164;;
P26;Relógio inteligente;346;3,8584;17,3410;346;711;639189;899,0000;3,8584;14839,0000;22893887,5933
P27;Secador de cabelo;351;3,9174;15,0997;351;719;107131;149,0000;3,9174;;
P28;"Smart TV 55""";332;3,8072;15,3614;332;662;1985338;2999,0000;3,8072;18138,0000;65037141,5638
P29;Smartphone;366;3,8579;15,8470;366;740;1109260;1499,0000;3,8579;34813,0000;88544871,8301
P30;TV Box;339;3,8230;17,9941;339;665;198835;299,0000;3,8230;;
P31;Tablet;315;3,8222;19,6825;315;620;743380;1199,0000;3,8222;14673,0000;30306042,6189
P32;Ventilador de coluna;323;3,9195;12,6935;323;634;126166;199,0000;3,9195;;
P33;Ventilador de mesa;345;3,9014;15,3623;345;670;86430;129,0000;3,9014;;
P34;Ventilador de teto;332;3,9006;16,5663;332;662;164838;249,0000;3,9006;;
