Produto;Categoria;Feedbacks
Aparelho de som;Eletrônicos;351
Aspirador de pó;Eletrodomésticos;337
Batedeira;Eletrodomésticos;307
Cafeteira;Eletrodomésticos;358
Cafeteira expresso;Eletrodomésticos;353
Chuveiro elétrico;Eletrodomésticos;358
Câmera de segurança;Eletrônicos;317
Câmera digital;Eletrônicos;300
Ferro de passar roupa;Eletrodomésticos;313
Fone de ouvido;Eletrônicos;333
Forno elétrico;Eletrodomésticos;346
Frigobar;Eletrodomésticos;338
Fritadeira elétrica;Eletrodomésticos;328
Geladeira;Eletrodomésticos;324
Impressora;Eletrônicos;323
Liquidificador;Eletrodomésticos;349
Micro-ondas;Eletrodomésticos;330
Máquina de café;Eletrodomésticos;350
Máquina de lavar roupa;Eletrodomésticos;329
Notebook;Eletrônicos;302
Panela elétrica;Eletrodomésticos;305
Relógio inteligente;Eletrônicos;346
Secador de cabelo;Eletrodomésticos;351
"Smart TV 55""";Eletrônicos;332
Smartphone;Eletrônicos;366
TV Box;Eletrônicos;339
Tablet;Eletrônicos;315
Ventilador de coluna;Eletrodomésticos;323
Ventilador de mesa;Eletrodomésticos;345
Ventilador de teto;Eletrodomésticos;332
