ID_social;Data;Plataforma;Seguidores do Autor;Avaliacao;Sentimento;Comentario;Temas
8466;2024-04-05;Facebook;75682;1;Negativo;Muito abaixo das minhas expectativas.Durabilidade é muito baixa. #Batedeira;"Durabilidade; Expectativa e descrição"
3229;2022-09-29;Facebook;76009;1;Negativo;Produto de baixa qualidade e durabilidade, fiquei frustrado. #Batedeira;"Durabilidade; Qualidade"
807;2021-12-04;X (Twitter);77679;1;Negativo;Pior compra que fiz. A durabilidade é péssima. #Batedeira;Durabilidade
2763;2022-08-08;Facebook;79569;1;Negativo;Produto com muitos problemas,muitos ruídos. #Batedeira;Ruído
3337;2022-09-20;X (Twitter);82838;1;Negativo;Completamente insatisfeito com a durabilidade, produto muito abaixo do esperado. #Batedeira;"Durabilidade; Expectativa e descrição"
5238;2023-04-07;Facebook;45383;1;Negativo;Pior escolha que já fiz. Produto cheio de Ruído. #Batedeira;Ruído
9032;2024-05-14;X (Twitter);54909;1;Negativo;Qualidade terrível. Não recomendo. #Batedeira;"Qualidade; Recomendação"
1064;2021-12-28;TikTok;19009;1;Negativo;Produto frágil, não recomendo a compra. Muito insatisfeito. #Batedeira;"Durabilidade; Recomendação"
4789;2023-03-19;Instagram;94434;1;Negativo;Produto de baixa qualidade, quebrou rapidamente. Não recomendo. #Batedeira;"Durabilidade; Qualidade; Recomendação"
2934;2022-07-17;TikTok;8507;1;Negativo;Deixou muito a desejar, me decepcionou quanto a durabildade. #Batedeira;Durabilidade
9321;2024-07-07;X (Twitter);4072;1;Negativo;Extremamente insatisfeito, o produto não valeu a pena. #Batedeira;Preço e valor
1863;2022-04-12;Instagram;64713;1;Negativo;Produto cheio de defeitos, especialmente o nível de ruído. Não recomendo. #Batedeira;"Ruído; Defeitos; Recomendação"
7590;2024-01-08;Instagram;64417;1;Negativo;Produto completamente defeituoso, cheio de ruído. #Batedeira;"Ruído; Defeitos"
8375;2024-04-04;X (Twitter);31512;1;Negativo;Produto completamente diferente do descrito. Decepção total. #Batedeira;Expectativa e descrição
3003;2022-08-21;X (Twitter);92966;1;Negativo;O produto não tem nada a ver com a descrição. Fiquei extremamente decepcionado. #Batedeira;Expectativa e descrição
4622;2023-02-17;TikTok;31836;1;Negativo;Produto abaixo das expectativas, esperava muito mais. #Batedeira;Expectativa e descrição
6136;2023-07-29;X (Twitter);16275;1;Negativo;Não atendeu minhas expectativas, tem muito ruído. #Batedeira;"Ruído; Expectativa e descrição"
4292;2022-12-21;X (Twitter);37063;1;Negativo;Fiquei arrependido de ter adquirido, a qualidade é muito inferior. #Batedeira;Qualidade
5056;2023-04-18;Instagram;53789;1;Negativo;A durabilidade é ruim. Decepção total. #Batedeira;Durabilidade
2076;2022-04-20;Facebook;65687;1;Negativo;Frustrado com a durabilidade. O produto não é o que eu esperava. #Batedeira;"Durabilidade; Expectativa e descrição"
9691;2024-08-12;Facebook;18391;1;Negativo;Não recomendo, produto de baixa durabilidade. Decepcionado. #Batedeira;"Durabilidade; Recomendação"
9940;2024-09-19;Facebook;97669;1;Negativo;A durabilidade do produto é decepcionante, muito aquém do esperado. #Batedeira;"Durabilidade; Expectativa e descrição"
2177;2022-04-23;TikTok;89846;2;Negativo;Frustrado com a durabilidade. Não recomendo a compra. #Batedeira;"Durabilidade; Recomendação"
3064;2022-08-16;Facebook;58540;2;Negativo;Não vale o preço, qualidade muito baixa. #Batedeira;"Qualidade; Preço e valor"
9348;2024-06-30;Instagram;85815;2;Negativo;A durabilidade deixa muito a desejar, não compraria novamente. #Batedeira;Durabilidade
3648;2022-10-28;TikTok;18620;2;Negativo;Durabilidade baixa, me decepcionou bastante. Não compraria novamente. #Batedeira;Durabilidade
5755;2023-07-11;TikTok;45197;2;Negativo;Decepcionado com a durabilidade. Não compraria outra vez. #Batedeira;Durabilidade
6595;2023-09-14;Facebook;78691;2;Negativo;Não vale o investimento, a durabilidade é bem ruim. #Batedeira;"Durabilidade; Preço e valor"
7608;2023-12-20;Facebook;24085;2;Negativo;Produto não durável. Durabilidade ruim. #Batedeira;Durabilidade
62;2021-10-14;X (Twitter);13348;2;Negativo;O produto deixou a desejar, muiot ruído. #Batedeira;Ruído
3251;2022-09-29;Facebook;53831;2;Negativo;Esperava mais do produto, pouca durabilidade. #Batedeira;"Durabilidade; Expectativa e descrição"
7533;2024-01-10;X (Twitter);35392;2;Negativo;Produto decepcionante, cheio de ruído. #Batedeira;Ruído
8860;2024-06-02;Facebook;83536;2;Negativo;Não recomendo, produto abaixo das expectativas. #Batedeira;"Expectativa e descrição; Recomendação"
1533;2022-02-11;Facebook;1780;2;Negativo;Nível de ruído alto, não gostei. Deixou a desejar. #Batedeira;Ruído
9741;2024-07-29;X (Twitter);31560;2;Negativo;Durabilidade ruim, o produto não vale o preço. #Batedeira;"Durabilidade; Preço e valor"
872;2021-12-04;Facebook;1688;2;Negativo;Produto com vários defeito e baixa durabilidade. #Batedeira;"Durabilidade; Defeitos"
907;2021-12-06;X (Twitter);25466;2;Negativo;Produto cheio de ruído, não vale o investimento. Não recomendo. #Batedeira;"Ruído; Preço e valor; Recomendação"
6944;2023-11-20;TikTok;88676;2;Negativo;O produto tem muito ruído, não recomendo para ninguém. #Batedeira;"Ruído; Recomendação"
216;2021-10-06;Instagram;8015;2;Negativo;Produto de qualidade inferior, durabilidade muito baixa. #Batedeira;"Durabilidade; Qualidade"
2024;2022-04-09;X (Twitter);82120;2;Negativo;Qualidade bem abaixo do esperado, não recomendo. #Batedeira;"Qualidade; Expectativa e descrição; Recomendação"
6627;2023-09-17;Instagram;2500;2;Negativo;Produto de baixa qualidade, não vale a pena comprar. #Batedeira;"Qualidade; Preço e valor"
9406;2024-07-03;Instagram;97826;2;Negativo;Muito fraco, qualidade muito ruim. Não recomendo. #Batedeira;"Qualidade; Recomendação"
7901;2024-02-18;TikTok;10390;2;Negativo;O produto não corresponde à descrição, fiquei bastante decepcionado. #Batedeira;Expectativa e descrição
8087;2024-02-03;X (Twitter);6909;2;Negativo;Não corresponde ao que foi prometido, muito insatisfeito. #Batedeira;Expectativa e descrição
8988;2024-06-05;Facebook;24076;2;Negativo;Produto bem abaixo do esperado, não correspondeu à descrição. #Batedeira;Expectativa e descrição
9451;2024-07-23;TikTok;55817;2;Negativo;Muito decepcionado, o produto não é como foi descrito. #Batedeira;Expectativa e descrição
5629;2023-06-30;X (Twitter);6252;2;Negativo;Não corresponde ao que foi descrito. Decepção completa com o produto. #Batedeira;Expectativa e descrição
6320;2023-09-11;X (Twitter);80166;2;Negativo;Produto diferente do descrito, bem decepcionante. #Batedeira;Expectativa e descrição
7084;2023-10-31;Facebook;10392;2;Negativo;Desapontado com a qualidade, produto deixou a desejar. #Batedeira;Qualidade
9411;2024-08-11;X (Twitter);25373;2;Negativo;Produto aquém do esperado, não correspondeu à qualidade esperada. #Batedeira;"Qualidade; Expectativa e descrição"
421;2021-10-31;X (Twitter);44657;2;Negativo;A qualidade é baixa, me arrependo da compra. #Batedeira;Qualidade
6998;2023-11-24;Facebook;54250;2;Negativo;Não gostei da qualidade, não valeu a pena a compra. #Batedeira;"Qualidade; Preço e valor"
7801;2024-02-07;TikTok;90485;2;Negativo;A qualidade deixou a desejar, não recomendo. #Batedeira;"Qualidade; Recomendação"
8501;2024-03-29;X (Twitter);3494;2;Negativo;Quebrou com facilidade, a durabilidade deixou a desejar. #Batedeira;Durabilidade
4698;2023-02-15;Instagram;72068;2;Negativo;A durabilidade é baixa, não valeu o investimento. #Batedeira;"Durabilidade; Preço e valor"
2125;2022-04-11;Facebook;82999;2;Neutro;Produto regular, nada fora do comum. Não surpreendeu. #Batedeira;Produto básico ou comum
2651;2022-07-23;X (Twitter);2663;2;Neutro;Produto dentro do esperado, nada de muito inovador. #Batedeira;Expectativa e descrição
6028;2023-07-15;Facebook;97335;2;Neutro;O produto faz o que promete, mas sem nada excepcional. #Batedeira;Expectativa e descrição
6110;2023-07-15;X (Twitter);98500;2;Neutro;Funciona bem, mas não oferece nada além do comum. #Batedeira;"Desempenho e eficiência; Produto básico ou comum"
6872;2023-09-23;X (Twitter);7156;2;Neutro;Não surpreende, cumpre o básico sem grandes destaques. #Batedeira;Produto básico ou comum
8020;2024-02-10;Facebook;25204;2;Neutro;Produto regular, sem pontos que chamem a atenção. #Batedeira;Produto básico ou comum
9145;2024-06-17;Facebook;95407;2;Neutro;Entrega o que promete, mas não se destaca em nada específico. #Batedeira;"Expectativa e descrição; Entrega; Produto básico ou comum"
327;2021-10-27;Facebook;62904;2;Neutro;Faz o básico, mas poderia ser aprimorado. #Batedeira;Produto básico ou comum
8937;2024-05-16;X (Twitter);25828;2;Neutro;Não é ruim, mas esperava mais considerando a marca. #Batedeira;"Expectativa e descrição; Marca"
9945;2024-09-20;TikTok;98966;2;Neutro;Produto aceitável, mas esperava algo mais da marca. #Batedeira;"Expectativa e descrição; Marca"
1921;2022-03-31;X (Twitter);34880;3;Neutro;Entrega o esperado, porém com algumas limitações. #Batedeira;"Expectativa e descrição; Entrega"
1922;2022-04-17;X (Twitter);13812;3;Neutro;Cumpre sua função, mas não impressiona. #Batedeira;Produto básico ou comum
2111;2022-05-01;Instagram;90653;3;Neutro;Atende ao propósito, mas poderia ser mais robusto. #Batedeira;
4104;2022-12-14;X (Twitter);7510;3;Neutro;Funciona como deveria, mas há espaço para melhorias. #Batedeira;Desempenho e eficiência
5703;2023-06-16;X (Twitter);17033;3;Neutro;Faz o que promete, mas poderia ser mais eficiente. #Batedeira;"Expectativa e descrição; Desempenho e eficiência"
7012;2023-10-25;Instagram;79332;3;Neutro;Produto regular, faz o necessário, mas nada além. #Batedeira;Produto básico ou comum
9163;2024-06-28;Facebook;36471;3;Neutro;Cumpre o papel, mas deixa a desejar em alguns aspectos. #Batedeira;
794;2022-01-04;X (Twitter);10218;3;Neutro;Desempenho dentro do esperado, mas falta eficiência. #Batedeira;"Expectativa e descrição; Desempenho e eficiência"
2814;2022-08-16;TikTok;50726;3;Neutro;Funciona adequadamente, porém sem destaque. #Batedeira;Desempenho e eficiência
3209;2022-08-30;Facebook;153;3;Neutro;Regular, poderia ser mais eficiente em algumas funcionalidades. #Batedeira;"Desempenho e eficiência; Produto básico ou comum"
7170;2023-12-02;Instagram;46289;3;Neutro;Entrega o que promete, mas não é nada excepcional. #Batedeira;"Expectativa e descrição; Entrega"
8719;2024-04-25;X (Twitter);81321;3;Neutro;Faz o básico, mas esperava um pouco mais de desempenho. #Batedeira;"Expectativa e descrição; Desempenho e eficiência; Produto básico ou comum"
3967;2022-12-02;TikTok;40802;3;Neutro;Funciona como o esperado, mas não impressiona. Desempenho mediano. #Batedeira;"Expectativa e descrição; Desempenho e eficiência; Produto básico ou comum"
8268;2024-03-06;TikTok;97473;3;Neutro;O produto cumpre o que promete, mas não tem nada de especial. #Batedeira;"Expectativa e descrição; Produto básico ou comum"
9593;2024-07-30;Facebook;42306;3;Neutro;Regular, funciona conforme o esperado, mas poderia ser melhor. #Batedeira;"Expectativa e descrição; Desempenho e eficiência; Produto básico ou comum"
9783;2024-08-11;Facebook;75253;3;Neutro;Faz o que promete, mas não se destaca em nada. #Batedeira;"Expectativa e descrição; Produto básico ou comum"
1793;2022-03-29;X (Twitter);15092;3;Neutro;O produto não é ruim, mas também não tem nada de especial. #Batedeira;Produto básico ou comum
2283;2022-05-07;Facebook;40310;3;Neutro;Cumpre o que promete, mas não impressiona. Regular. #Batedeira;"Expectativa e descrição; Produto básico ou comum"
2973;2022-07-22;X (Twitter);71273;3;Neutro;Não é ruim, mas não tem nada de excepcional. #Batedeira;
3182;2022-08-10;Facebook;59065;3;Neutro;Produto regular, funciona como deveria, mas não impressiona. #Batedeira;"Desempenho e eficiência; Produto básico ou comum"
4593;2023-03-03;X (Twitter);93260;3;Neutro;Cumpre sua função, mas não tem nada de especial. #Batedeira;Produto básico ou comum
5178;2023-04-04;X (Twitter);26334;3;Neutro;Produto básico, não impressiona, mas faz o que deve. #Batedeira;Produto básico ou comum
6793;2023-11-07;Instagram;35933;3;Neutro;Não é ruim, mas também não se destaca. #Batedeira;Produto básico ou comum
7650;2024-01-25;X (Twitter);49448;3;Neutro;Funciona bem, mas não é nada excepcional. #Batedeira;Desempenho e eficiência
8001;2024-02-28;X (Twitter);25213;3;Neutro;Produto regular, cumpre a função, mas nada de extraordinário. #Batedeira;Produto básico ou comum
288;2021-11-08;Facebook;54932;3;Neutro;Cumpre o básico, mas não tem nada de especial. #Batedeira;Produto básico ou comum
1106;2021-12-27;X (Twitter);17287;3;Neutro;Funciona como deveria, mas não se destaca em nada. #Batedeira;"Desempenho e eficiência; Produto básico ou comum"
2216;2022-06-04;X (Twitter);34898;3;Neutro;Produto regular, cumpre o que promete. Nada de especial. #Batedeira;"Expectativa e descrição; Produto básico ou comum"
2541;2022-07-19;X (Twitter);97897;3;Neutro;Faz o que precisa, mas não surpreende. #Batedeira;Produto básico ou comum
2560;2022-07-23;Facebook;75512;3;Neutro;Produto básico, sem nada que chame a atenção. #Batedeira;Produto básico ou comum
2609;2022-07-02;X (Twitter);37398;3;Neutro;Cumpre a função, mas é um produto comum. #Batedeira;Produto básico ou comum
8210;2024-03-26;X (Twitter);58752;3;Neutro;Produto mediano, não se destaca. Faz o básico. #Batedeira;Produto básico ou comum
2275;2022-05-27;TikTok;79858;3;Neutro;Produto bom, mas nada de excepcional. #Batedeira;
2951;2022-08-26;TikTok;58969;3;Neutro;Regular, nada que surpreenda. #Batedeira;Produto básico ou comum
4717;2023-03-19;X (Twitter);11127;3;Neutro;Produto adequado, mas nada de extraordinário. #Batedeira;
8801;2024-05-05;Facebook;88680;3;Neutro;Cumpre o que promete, mas é bem básico. #Batedeira;"Expectativa e descrição; Produto básico ou comum"
362;2021-11-21;X (Twitter);82813;3;Neutro;Produto razoável, mas o preço é um pouco elevado. #Batedeira;"Preço e valor; Produto básico ou comum"
763;2022-01-10;X (Twitter);19540;3;Neutro;Achei o preço um pouco alto para o que o produto oferece. #Batedeira;Preço e valor
1657;2022-04-07;Instagram;45996;3;Neutro;O produto é bom, mas o valor cobrado poderia ser menor. #Batedeira;Preço e valor
3035;2022-08-29;X (Twitter);51066;3;Neutro;Produto razoável, mas o preço está um pouco acima do que vale. #Batedeira;"Preço e valor; Produto básico ou comum"
4564;2023-02-07;Facebook;92306;3;Neutro;Está ok, porém achei que o preço é elevado pelo que oferece. #Batedeira;Preço e valor
5013;2023-04-21;X (Twitter);11971;3;Neutro;Produto bom, mas o valor cobrado é um pouco alto. #Batedeira;Preço e valor
848;2022-01-04;X (Twitter);69045;3;Neutro;Produto regular, mas há opções bem melhores disponíveis no mercado. #Batedeira;Produto básico ou comum
2236;2022-04-30;Instagram;60433;3;Neutro;O produto é razoável, mas existem alternativas superiores por aí. #Batedeira;Produto básico ou comum
8260;2024-02-28;Instagram;56884;3;Neutro;Razoável, mas certamente há produtos mais adequados no mercado. #Batedeira;Produto básico ou comum
1442;2022-02-17;X (Twitter);41921;3;Neutro;Satisfatório, mas esperava mais da marca. #Batedeira;"Expectativa e descrição; Marca"
1881;2022-05-03;Instagram;50303;3;Neutro;Produto razoável, mas a marca poderia entregar mais. #Batedeira;"Marca; Entrega; Produto básico ou comum"
2886;2022-07-14;X (Twitter);64572;3;Neutro;Não é ruim, mas esperava mais da marca. #Batedeira;"Expectativa e descrição; Marca"
5114;2023-04-26;Instagram;52081;3;Neutro;Produto satisfatório, mas a marca já entregou melhores. #Batedeira;Marca
6550;2023-09-25;Facebook;8815;3;Neutro;Um bom produto, mas fiquei esperando mais pelo nome da marca. #Batedeira;Marca
7234;2023-12-15;Facebook;28960;3;Neutro;Esperava mais da marca, o produto é apenas razoável. #Batedeira;"Expectativa e descrição; Marca; Produto básico ou comum"
7306;2024-01-01;X (Twitter);20199;3;Neutro;Produto ok, mas a marca me deixou esperando algo melhor. #Batedeira;Marca
8576;2024-05-09;TikTok;19859;3;Neutro;Um produto satisfatório, mas não surpreende. #Batedeira;Produto básico ou comum
9836;2024-09-15;Instagram;46797;4;Positivo;Ótima usabilidade, muito fácil de usar. #Batedeira;Facilidade de uso
1741;2022-03-21;Facebook;6057;4;Positivo;Simples de usar e muito eficiente. #Batedeira;"Desempenho e eficiência; Facilidade de uso"
3631;2022-11-10;X (Twitter);69623;4;Positivo;Funcionou exatamente como anunciado, estou muito satisfeito. #Batedeira;"Expectativa e descrição; Desempenho e eficiência"
3996;2022-11-06;X (Twitter);24588;4;Positivo;Excelente desempenho e fácil de manusear. #Batedeira;"Desempenho e eficiência; Facilidade de uso"
4003;2022-11-06;X (Twitter);56937;4;Positivo;Funciona muito bem, sem complicações. #Batedeira;Desempenho e eficiência
4782;2023-03-25;X (Twitter);3567;4;Positivo;A usabilidade é ótima e o desempenho, excelente. #Batedeira;"Desempenho e eficiência; Facilidade de uso"
6050;2023-07-15;X (Twitter);59796;4;Positivo;Gostei muito, fácil de usar e eficiente. #Batedeira;"Desempenho e eficiência; Facilidade de uso"
6155;2023-08-09;TikTok;72931;4;Positivo;Excelente produto, desempenho perfeito. #Batedeira;Desempenho e eficiência
8736;2024-04-10;Facebook;41718;4;Positivo;Muito bom, atende perfeitamente às expectativas. #Batedeira;Expectativa e descrição
486;2021-12-06;Instagram;95865;4;Positivo;Atendeu completamente ao que eu precisava. Recomendo! #Batedeira;Recomendação
2173;2022-06-06;Instagram;87562;4;Positivo;Produto excelente, cumpre o que promete. Recomendo! #Batedeira;"Expectativa e descrição; Recomendação"
2296;2022-05-15;Instagram;65250;4;Positivo;Tudo o que eu esperava! Vale a pena. #Batedeira;"Expectativa e descrição; Preço e valor"
2718;2022-07-30;TikTok;70051;4;Positivo;Satisfeito, atendeu minhas necessidades. Indico! #Batedeira;Recomendação
4173;2022-11-29;Facebook;45975;4;Positivo;Ótimo produto, supriu minhas necessidades. #Batedeira;
4313;2023-02-01;X (Twitter);10515;4;Positivo;Funcionou perfeitamente para o que eu precisava. Recomendo! #Batedeira;"Desempenho e eficiência; Recomendação"
4469;2023-01-23;X (Twitter);18732;4;Positivo;Muito bom, cumpre o que promete. Recomendo para quem precisa. #Batedeira;"Expectativa e descrição; Recomendação"
4683;2023-02-16;Facebook;25695;4;Positivo;Produto ótimo, correspondeu ao esperado. Indico com certeza! #Batedeira;"Expectativa e descrição; Recomendação"
4785;2023-02-19;TikTok;34538;4;Positivo;Tudo conforme o esperado, atendeu muito bem minhas necessidades. #Batedeira;Expectativa e descrição
5604;2023-06-11;X (Twitter);89865;4;Positivo;Satisfatório, cumpriu exatamente o que eu precisava. Recomendo! #Batedeira;Recomendação
6366;2023-08-26;Facebook;21600;4;Positivo;Cumpriu bem sua função, recomendo para quem procura um bom produto. #Batedeira;Recomendação
6594;2023-09-15;Facebook;15581;4;Positivo;Excelente, fez o que eu precisava. Vale a compra. #Batedeira;
7005;2023-11-17;X (Twitter);83639;4;Positivo;Bom produto, atendeu minhas expectativas. Recomendo para outros. #Batedeira;"Expectativa e descrição; Recomendação"
7201;2023-11-21;Facebook;2496;4;Positivo;Correspondeu ao que eu esperava, recomendo. #Batedeira;"Expectativa e descrição; Recomendação"
7817;2024-01-31;Facebook;413;4;Positivo;Produto de qualidade, atendeu minhas necessidades. #Batedeira;Qualidade
8198;2024-03-22;X (Twitter);37684;4;Positivo;Muito bom, atendeu minhas necessidades. #Batedeira;
9313;2024-08-04;X (Twitter);47587;4;Positivo;Produto muito bom, atendeu bem ao que eu precisava. #Batedeira;
3128;2022-08-06;X (Twitter);63991;4;Positivo;Entrega rápida, produto conforme o esperado. Satisfeito. #Batedeira;"Expectativa e descrição; Entrega"
3447;2022-09-23;Facebook;65503;4;Positivo;Produto veio como descrito e a entrega foi bastante rápida. #Batedeira;"Expectativa e descrição; Entrega"
3985;2022-11-11;X (Twitter);55405;4;Positivo;Entrega rápida e o produto atendeu à descrição. #Batedeira;"Expectativa e descrição; Entrega"
6106;2023-08-04;X (Twitter);41238;4;Positivo;Produto chegou rápido e de acordo com o esperado. #Batedeira;"Expectativa e descrição; Entrega"
6423;2023-08-16;Instagram;5579;4;Positivo;Satisfeito com a entrega rápida e o produto conforme descrito. #Batedeira;"Expectativa e descrição; Entrega"
6602;2023-08-24;Facebook;16616;4;Positivo;A entrega foi rápida e o produto é como prometido. #Batedeira;"Expectativa e descrição; Entrega"
6718;2023-10-23;Facebook;66420;4;Neutro;Entrega rápida, produto correto. Sem surpresas. #Batedeira;Entrega
7852;2024-02-15;Instagram;508;4;Positivo;A entrega foi ágil e o produto conforme o anúncio. #Batedeira;"Expectativa e descrição; Entrega"
7890;2024-03-03;X (Twitter);19815;4;Positivo;Satisfeito com a rapidez da entrega e a conformidade do produto. #Batedeira;Entrega
8824;2024-06-07;Facebook;72084;4;Positivo;Estou impressionado com a fácil usabilidade.. #Batedeira;Facilidade de uso
1044;2022-01-16;Instagram;31016;4;Positivo;A qualidade e a eficiência do produto me impressionaram. Ótima escolha. #Batedeira;"Qualidade; Desempenho e eficiência"
2201;2022-04-30;Facebook;21355;4;Positivo;A qualidade é ótima e a eficiência também. Muito satisfeito com a compra. #Batedeira;"Qualidade; Desempenho e eficiência"
3716;2022-11-02;Facebook;93941;4;Positivo;Boa qualidade e desempenho eficiente. Vale a pena o investimento. #Batedeira;"Qualidade; Preço e valor; Desempenho e eficiência"
5288;2023-05-25;X (Twitter);41008;4;Positivo;Produto de boa qualidade e funcionamento eficiente. Recomendado. #Batedeira;"Qualidade; Desempenho e eficiência; Recomendação"
5796;2023-06-22;X (Twitter);8829;4;Positivo;Ótima qualidade e eficiência. Produto muito bom. #Batedeira;"Qualidade; Desempenho e eficiência"
7151;2023-12-17;Facebook;9490;4;Positivo;Muito satisfeito com a qualidade e a eficiência. Valeu o investimento. #Batedeira;"Qualidade; Preço e valor; Desempenho e eficiência"
8556;2024-04-06;Facebook;50380;4;Positivo;Produto eficiente e de ótima qualidade. Surpreendeu positivamente. #Batedeira;"Qualidade; Desempenho e eficiência"
9361;2024-07-06;Instagram;13062;4;Positivo;Estou muito satisfeito com a compra! O design moderno é incrível. #Batedeira;Design
181;2021-09-19;Facebook;60491;4;Positivo;Compra satisfatória, superou minhas expectativas. Ótimo produto! #Batedeira;Expectativa e descrição
1545;2022-02-19;Facebook;25303;4;Positivo;Muito satisfeito com a compra, o produto foi além do esperado. #Batedeira;Expectativa e descrição
2058;2022-04-03;X (Twitter);8262;4;Positivo;Superou as expectativas, estou muito contente com a compra. #Batedeira;Expectativa e descrição
2559;2022-06-14;X (Twitter);15982;4;Positivo;Muito contente com a compra, o produto superou as expectativas. #Batedeira;Expectativa e descrição
3555;2022-10-03;X (Twitter);76315;4;Positivo;Surpreendente! A qualidade do produto foi além do que eu esperava. #Batedeira;"Qualidade; Expectativa e descrição"
4444;2023-01-01;X (Twitter);35169;4;Positivo;Produto de qualidade! Superou o que eu esperava. Muito bom. #Batedeira;"Qualidade; Expectativa e descrição"
4653;2023-01-31;X (Twitter);66311;4;Positivo;Muito satisfeito com a compra! O produto foi melhor do que o esperado. #Batedeira;Expectativa e descrição
7192;2023-11-22;X (Twitter);44124;4;Positivo;Muito satisfeito com a compra, foi uma surpresa agradável. #Batedeira;
8771;2024-05-03;X (Twitter);11217;4;Positivo;Produto de qualidade, superou minhas expectativas. Estou contente. #Batedeira;"Qualidade; Expectativa e descrição"
945;2021-12-19;Facebook;99844;4;Positivo;Produto de ótima qualidade, definitivamente vale cada centavo. #Batedeira;"Qualidade; Preço e valor"
5404;2023-05-19;Facebook;12415;4;Positivo;Muito bom! Produto de qualidade que justifica o preço. #Batedeira;"Qualidade; Preço e valor"
6665;2023-10-16;X (Twitter);429;4;Positivo;Ótima compra! Produto que realmente vale o que custa. #Batedeira;Preço e valor
8008;2024-02-10;Facebook;52816;4;Positivo;Muito satisfeito, produto de ótima qualidade que vale o preço. #Batedeira;"Qualidade; Preço e valor"
2182;2022-06-05;Instagram;48516;4;Positivo;Produto excelente! Muito satisfeito com o desempenho. #Batedeira;Desempenho e eficiência
3531;2022-10-13;TikTok;33219;4;Positivo;Recomendo muito! Qualidade excelente. #Batedeira;"Qualidade; Recomendação"
6027;2023-07-09;Facebook;77598;4;Positivo;Ótima compra! Recomendo muito este produto. #Batedeira;Recomendação
6410;2023-08-17;Facebook;55297;4;Positivo;Muito satisfeito, produto de alta qualidade. Recomendo bastante. #Batedeira;"Qualidade; Recomendação"
7227;2023-12-16;X (Twitter);96058;4;Positivo;Produto de excelente qualidade! Recomendo para todos. #Batedeira;"Qualidade; Recomendação"
8026;2024-03-16;Instagram;15938;4;Positivo;Produto incrível, desempenho muito superior ao esperado. #Batedeira;"Expectativa e descrição; Desempenho e eficiência"
8531;2024-04-03;Facebook;12660;4;Positivo;Muito satisfeito, o desempenho do produto é acima da média. #Batedeira;Desempenho e eficiência
8546;2024-04-06;X (Twitter);5818;4;Positivo;Ótimo produto! Funciona muito bem e tem excelente desempenho. #Batedeira;Desempenho e eficiência
452;2021-10-28;X (Twitter);90467;4;Positivo;Produto com desempenho excelente, muito acima da média. #Batedeira;Desempenho e eficiência
3770;2022-10-21;TikTok;35280;4;Positivo;Produto impressionante, com desempenho muito superior. #Batedeira;Desempenho e eficiência
5808;2023-06-10;Facebook;71645;4;Positivo;Produto de ótima qualidade, com desempenho excepcional. #Batedeira;"Qualidade; Desempenho e eficiência"
6585;2023-08-23;X (Twitter);7558;4;Positivo;Produto fantástico! O desempenho é notável. #Batedeira;Desempenho e eficiência
6709;2023-09-12;X (Twitter);79521;4;Positivo;Ótima compra, o desempenho é realmente acima da média. #Batedeira;Desempenho e eficiência
7038;2023-11-26;X (Twitter);36957;4;Positivo;Muito satisfeito com o desempenho superior deste produto. #Batedeira;Desempenho e eficiência
7271;2023-11-28;X (Twitter);75012;4;Positivo;Muito impressionado com o desempenho deste produto. #Batedeira;Desempenho e eficiência
1518;2022-03-10;Facebook;31977;4;Positivo;Ótima qualidade e design moderno, estou bastante satisfeito. #Batedeira;"Qualidade; Design"
117;2021-10-25;Facebook;53538;4;Positivo;Muito feliz com a compra, qualidade acima do esperado. #Batedeira;"Qualidade; Expectativa e descrição"
2574;2022-06-08;X (Twitter);91159;4;Positivo;Produto de excelente qualidade, fiquei muito satisfeito com a compra. #Batedeira;Qualidade
4926;2023-04-15;TikTok;70316;4;Positivo;Muito feliz com a compra, a qualidade é ótima. #Batedeira;Qualidade
5317;2023-04-14;TikTok;15371;4;Positivo;Ótima compra, fiquei muito satisfeito com a qualidade do produto. #Batedeira;Qualidade
5652;2023-06-30;X (Twitter);82045;4;Positivo;Qualidade excepcional, fiquei realmente impressionado. #Batedeira;Qualidade
5928;2023-07-30;Instagram;57774;4;Positivo;Ótima qualidade, fiquei muito contente com a compra. #Batedeira;Qualidade
6809;2023-10-23;X (Twitter);89260;4;Positivo;Muito satisfeito com a qualidade, foi uma ótima compra. #Batedeira;Qualidade
7142;2023-12-10;Facebook;71062;4;Positivo;A qualidade é excelente, estou muito feliz com a compra. #Batedeira;Qualidade
8153;2024-03-11;Facebook;70312;4;Positivo;Muito feliz com a compra, a qualidade é notável. #Batedeira;Qualidade
9496;2024-07-06;X (Twitter);91391;4;Positivo;Qualidade muito boa, uma das melhores compras que já fiz. #Batedeira;Qualidade
255;2021-11-10;X (Twitter);28621;4;Positivo;Produto ideal para o dia a dia, bastante funcional. #Batedeira;"Desempenho e eficiência; Uso diário e praticidade"
976;2022-01-05;TikTok;14076;4;Positivo;Ótima compra, uso diário sem problemas. #Batedeira;Uso diário e praticidade
2919;2022-07-17;Facebook;49760;4;Positivo;Funcional para o dia a dia, recomendo bastante. #Batedeira;"Desempenho e eficiência; Uso diário e praticidade; Recomendação"
3717;2022-10-21;Facebook;59330;4;Positivo;Excelente para uso diário, bastante eficiente. #Batedeira;"Desempenho e eficiência; Uso diário e praticidade"
3878;2022-11-27;Instagram;21250;4;Positivo;Muito bom para o dia a dia, recomendo para todos. #Batedeira;"Uso diário e praticidade; Recomendação"
5737;2023-06-16;Facebook;96113;4;Positivo;Funciona muito bem no dia a dia, recomendo sem reservas. #Batedeira;"Desempenho e eficiência; Uso diário e praticidade; Recomendação"
6140;2023-07-14;Facebook;34353;4;Positivo;Ótima compra, produto prático para o uso diário. #Batedeira;Uso diário e praticidade
6384;2023-09-10;Facebook;36092;4;Positivo;Produto eficiente e prático para o dia a dia. #Batedeira;"Desempenho e eficiência; Uso diário e praticidade"
6632;2023-09-25;TikTok;69480;4;Positivo;Recomendo para quem precisa de um produto eficiente para o dia a dia. #Batedeira;"Desempenho e eficiência; Uso diário e praticidade; Recomendação"
7607;2024-01-09;X (Twitter);82081;4;Positivo;Produto excelente para o uso diário, super prático. #Batedeira;Uso diário e praticidade
9103;2024-05-25;TikTok;3746;4;Positivo;Ótimo produto para o uso no dia a dia, recomendo a todos. #Batedeira;"Uso diário e praticidade; Recomendação"
9951;2024-09-21;X (Twitter);72107;4;Positivo;Ótima compra, recomendaria a todos. Cumpre o que promete! #Batedeira;"Expectativa e descrição; Recomendação"
67;2021-10-16;Facebook;58774;4;Positivo;A entrega foi muito rápida e o produto é conforme descrito. #Batedeira;"Expectativa e descrição; Entrega"
472;2021-10-29;X (Twitter);56002;4;Positivo;Chegou rápido e conforme as expectativas. Ótima entrega! #Batedeira;"Expectativa e descrição; Entrega"
702;2022-01-02;Facebook;94997;4;Positivo;Entrega eficiente e o produto correspondeu à descrição. #Batedeira;"Expectativa e descrição; Desempenho e eficiência; Entrega"
2695;2022-06-24;Facebook;83810;4;Positivo;Tudo conforme descrito, e a entrega foi super rápida. #Batedeira;"Expectativa e descrição; Entrega"
3530;2022-09-27;X (Twitter);73715;4;Positivo;Chegou no tempo certo e o produto está conforme descrito. #Batedeira;"Expectativa e descrição; Entrega"
995;2022-01-23;Instagram;37845;5;Positivo;Perfeito! Funcionou como esperado e sem problemas. #Batedeira;"Expectativa e descrição; Desempenho e eficiência"
2615;2022-07-22;X (Twitter);8507;5;Positivo;Funcionamento impecável, não tenho o que reclamar. #Batedeira;Desempenho e eficiência
5459;2023-05-13;Facebook;82692;5;Positivo;Funcionamento perfeito, recomendo sem dúvidas. #Batedeira;"Desempenho e eficiência; Recomendação"
7983;2024-01-22;X (Twitter);35991;5;Positivo;Superou minhas expectativas, funcionou perfeitamente. #Batedeira;"Expectativa e descrição; Desempenho e eficiência"
8344;2024-03-15;X (Twitter);3716;5;Positivo;Produto excelente, funcionou perfeitamente em todas as vezes. #Batedeira;Desempenho e eficiência
9057;2024-05-19;X (Twitter);26695;5;Positivo;Atendeu todas as minhas necessidades. Fácil usabilidade. #Batedeira;Facilidade de uso
348;2021-11-15;X (Twitter);17229;5;Positivo;Supriu todas as minhas expectativas. Recomendado! #Batedeira;"Expectativa e descrição; Recomendação"
1421;2022-02-26;Instagram;61483;5;Positivo;Perfeito para o que eu precisava. Indico para todos! #Batedeira;Recomendação
3711;2022-10-18;Instagram;62599;5;Positivo;Excepcional! Atendeu todas as minhas expectativas. #Batedeira;Expectativa e descrição
4418;2023-01-29;X (Twitter);11471;5;Positivo;Produto fantástico! Atendeu minhas demandas e recomendo a todos. #Batedeira;Recomendação
4744;2023-03-03;TikTok;91420;5;Positivo;Superou todas as minhas expectativas. Recomendo fortemente! #Batedeira;"Expectativa e descrição; Recomendação"
7977;2024-02-07;X (Twitter);61884;5;Positivo;Perfeito, supriu tudo que eu precisava. Indico para todos! #Batedeira;Recomendação
8606;2024-04-03;Facebook;31960;5;Positivo;Excelente produto, atendeu completamente minhas expectativas. #Batedeira;Expectativa e descrição
9064;2024-06-24;TikTok;85423;5;Positivo;Ótimo! Fez tudo o que eu precisava, recomendo. #Batedeira;Recomendação
9160;2024-07-04;TikTok;69994;5;Positivo;Atendeu a todas as minhas expectativas, recomendo muito! #Batedeira;"Expectativa e descrição; Recomendação"
9869;2024-09-08;Instagram;18985;5;Positivo;Extremamente satisfeito, cumpriu todas as minhas necessidades! #Batedeira;
1300;2022-01-25;TikTok;63192;5;Positivo;Excelente serviço de entrega e produto como anunciado. #Batedeira;"Expectativa e descrição; Entrega"
2724;2022-07-15;X (Twitter);32508;5;Positivo;O produto corresponde ao que foi anunciado, e a entrega foi ágil. #Batedeira;"Expectativa e descrição; Entrega"
7692;2024-02-07;Facebook;78208;5;Positivo;Chegou rápido e o produto foi exatamente como descrito. #Batedeira;"Expectativa e descrição; Entrega"
7904;2024-01-25;Facebook;62762;5;Positivo;Entrega dentro do prazo e produto conforme o que foi prometido. #Batedeira;"Expectativa e descrição; Entrega"
8281;2024-02-29;X (Twitter);85076;5;Positivo;Entrega super rápida e produto de acordo com o anúncio. #Batedeira;"Expectativa e descrição; Entrega"
9834;2024-09-08;TikTok;40423;5;Positivo;Entrega rápida e produto conforme descrito. design moderno #Batedeira;"Expectativa e descrição; Design; Entrega"
1287;2022-03-02;Facebook;53448;5;Positivo;Realmente impressionado com a qualidade e a eficiência. Superou minhas expectativas. #Batedeira;"Qualidade; Expectativa e descrição; Desempenho e eficiência"
2498;2022-07-16;Instagram;36175;5;Positivo;Produto de alta qualidade e eficiência. Impressionante! #Batedeira;"Qualidade; Desempenho e eficiência"
4570;2023-01-14;Facebook;38940;5;Positivo;Qualidade excelente e eficiência notável. Completamente satisfeito. #Batedeira;"Qualidade; Desempenho e eficiência"
6395;2023-08-30;X (Twitter);25908;5;Positivo;Extremamente satisfeito com a qualidade e a eficiência do produto. #Batedeira;"Qualidade; Desempenho e eficiência"
6601;2023-09-16;X (Twitter);65990;5;Positivo;Qualidade impecável e eficiência de primeira. Altamente recomendável. #Batedeira;"Qualidade; Desempenho e eficiência; Recomendação"
7058;2023-11-11;X (Twitter);14261;5;Positivo;Produto excepcional, tanto em qualidade quanto em eficiência. #Batedeira;"Qualidade; Desempenho e eficiência"
7871;2024-02-09;Instagram;27076;5;Positivo;Impressionado com o desempenho e a eficiência deste produto. #Batedeira;Desempenho e eficiência
9399;2024-06-26;TikTok;98614;5;Positivo;Qualidade e eficiência excelentes! Muito satisfeito com a compra. #Batedeira;"Qualidade; Desempenho e eficiência"
9201;2024-07-14;TikTok;45975;5;Positivo;Produto excelente! A facilidade de uso é o ponto forte. #Batedeira;Facilidade de uso
151;2021-10-20;X (Twitter);51742;5;Positivo;Superou todas as minhas expectativas! Funcionamento impecável. #Batedeira;"Expectativa e descrição; Desempenho e eficiência"
947;2022-01-05;X (Twitter);90418;5;Positivo;Produto de qualidade, superou todas as expectativas. Recomendo. #Batedeira;"Qualidade; Expectativa e descrição; Recomendação"
1729;2022-04-03;X (Twitter);58806;5;Positivo;Superou as expectativas! Produto de excelente qualidade. #Batedeira;"Qualidade; Expectativa e descrição"
1967;2022-04-16;X (Twitter);74455;5;Positivo;Compra que valeu a pena! O produto foi além do que eu esperava. #Batedeira;"Expectativa e descrição; Preço e valor"
2188;2022-05-08;Instagram;44156;5;Positivo;Produto impressionante! Superou todas as expectativas. #Batedeira;Expectativa e descrição
2477;2022-06-12;TikTok;33890;5;Positivo;Compra excelente! O produto é realmente superior ao que eu esperava. #Batedeira;Expectativa e descrição
4436;2023-01-19;Facebook;2653;5;Positivo;Produto excelente, superou as expectativas. Totalmente recomendado! #Batedeira;"Expectativa e descrição; Recomendação"
4561;2023-02-19;TikTok;6553;5;Positivo;Estou extremamente satisfeito, o produto superou todas as expectativas. #Batedeira;Expectativa e descrição
5424;2023-05-27;X (Twitter);51555;5;Positivo;Compra perfeita! O produto superou todas as expectativas. #Batedeira;Expectativa e descrição
7543;2023-12-20;X (Twitter);80878;5;Positivo;Produto excelente, além do esperado! Superou todas as expectativas. #Batedeira;Expectativa e descrição
7807;2024-01-06;X (Twitter);79499;5;Positivo;Altamente recomendado! O produto superou todas as minhas expectativas. #Batedeira;"Expectativa e descrição; Recomendação"
9537;2024-07-23;X (Twitter);79768;5;Positivo;Produto incrível! Foi muito além do que eu esperava. #Batedeira;Expectativa e descrição
1935;2022-04-01;Facebook;67418;5;Positivo;Produto de excelente qualidade! Design moderno e inovador. #Batedeira;"Qualidade; Design"
1054;2022-02-01;TikTok;91586;5;Positivo;Altamente recomendado! A qualidade é excepcional, vale o preço. #Batedeira;"Qualidade; Preço e valor; Recomendação"
2157;2022-04-24;Facebook;7674;5;Positivo;Produto de primeira qualidade! Cada centavo foi bem gasto. #Batedeira;"Qualidade; Preço e valor"
3069;2022-08-06;X (Twitter);36888;5;Positivo;Ótima compra! Produto excelente que vale cada centavo investido. #Batedeira;Preço e valor
4792;2023-02-25;TikTok;955;5;Positivo;Qualidade excelente, um investimento que valeu a pena. #Batedeira;"Qualidade; Preço e valor"
5642;2023-06-21;X (Twitter);71003;5;Positivo;Produto excepcional! Recomendo muito, vale cada centavo. #Batedeira;"Preço e valor; Recomendação"
6669;2023-09-07;Instagram;69458;5;Positivo;Altamente recomendado! Qualidade excelente e vale cada centavo. #Batedeira;"Qualidade; Preço e valor; Recomendação"
7603;2023-12-18;X (Twitter);31182;5;Positivo;Excelente qualidade! O preço é justificado pela performance. #Batedeira;"Qualidade; Preço e valor; Desempenho e eficiência"
7770;2024-02-02;Facebook;62328;5;Positivo;Compra perfeita! Cada centavo investido foi bem gasto. #Batedeira;Preço e valor
8338;2024-04-13;Facebook;68035;5;Positivo;Altamente recomendado! Qualidade incrível, vale o preço. #Batedeira;"Qualidade; Preço e valor; Recomendação"
9612;2024-07-17;X (Twitter);28940;5;Positivo;Produto excelente, de ótima qualidade. Vale muito a pena. #Batedeira;Qualidade
1798;2022-04-20;TikTok;5396;5;Positivo;Produto excepcional! Recomendo sem dúvida alguma. #Batedeira;Recomendação
4993;2023-04-07;Facebook;28894;5;Positivo;Produto incrível! Funciona perfeitamente, recomendo demais. #Batedeira;"Desempenho e eficiência; Recomendação"
5191;2023-04-02;X (Twitter);99744;5;Positivo;Altamente recomendado! Produto de qualidade excepcional. #Batedeira;"Qualidade; Recomendação"
6003;2023-08-09;X (Twitter);62479;5;Positivo;Muito satisfeito! Produto de excelente qualidade. #Batedeira;Qualidade
6305;2023-08-28;Instagram;1257;5;Positivo;Produto excelente! Recomendo a todos que querem qualidade. #Batedeira;"Qualidade; Recomendação"
7762;2024-02-04;Instagram;14253;5;Positivo;Produto excepcional, superou todas as expectativas. #Batedeira;Expectativa e descrição
4366;2023-01-28;X (Twitter);89355;5;Positivo;Produto fantástico! O desempenho é muito acima da média. #Batedeira;Desempenho e eficiência
4536;2023-01-11;Facebook;74708;5;Positivo;Altamente recomendado! O desempenho é fora do comum. #Batedeira;"Desempenho e eficiência; Recomendação; Produto básico ou comum"
6448;2023-08-28;X (Twitter);59230;5;Positivo;Produto incrível! O desempenho é realmente superior. #Batedeira;Desempenho e eficiência
6452;2023-09-28;X (Twitter);33347;5;Positivo;Excelente produto, com um desempenho muito acima do esperado. #Batedeira;"Expectativa e descrição; Desempenho e eficiência"
6643;2023-10-11;X (Twitter);1982;5;Positivo;Produto excelente, com desempenho muito acima do padrão. #Batedeira;Desempenho e eficiência
7062;2023-10-21;TikTok;23153;5;Positivo;Produto incrível! Desempenho muito acima da média, estou impressionado. #Batedeira;Desempenho e eficiência
7502;2023-12-09;X (Twitter);70008;5;Positivo;Produto excelente! O design moderno é um grande diferencial. #Batedeira;Design
459;2021-10-21;X (Twitter);41810;5;Positivo;A qualidade é excepcional, e o design é moderno e atrativo. #Batedeira;"Qualidade; Design"
2891;2022-07-20;X (Twitter);55046;5;Positivo;Produto excepcional, superou minhas expectativas em todos os sentidos. #Batedeira;Expectativa e descrição
3159;2022-08-14;Facebook;66450;5;Positivo;Estou extremamente satisfeito com a qualidade e a compra. #Batedeira;Qualidade
5236;2023-05-09;Facebook;85907;5;Positivo;A qualidade é incrível, uma das melhores compras que fiz. #Batedeira;Qualidade
5524;2023-05-08;TikTok;34779;5;Positivo;Muito satisfeito, produto de excelente qualidade. #Batedeira;Qualidade
5765;2023-06-16;X (Twitter);94965;5;Positivo;Superou minhas expectativas, excelente compra! #Batedeira;Expectativa e descrição
5871;2023-07-17;Facebook;19809;5;Positivo;Produto excelente, estou extremamente satisfeito com a compra. #Batedeira;
6598;2023-09-05;X (Twitter);39035;5;Positivo;Altamente recomendado, qualidade superior. #Batedeira;"Qualidade; Recomendação"
7132;2023-12-09;TikTok;36253;5;Positivo;A qualidade é fantástica, superou todas as expectativas. #Batedeira;"Qualidade; Expectativa e descrição"
7714;2024-01-17;Facebook;90115;5;Positivo;Produto excelente, muito acima da média. #Batedeira;
8702;2024-05-08;Instagram;23908;5;Positivo;Muito satisfeito com o produto, qualidade incrível! #Batedeira;Qualidade
9071;2024-05-24;TikTok;73244;5;Positivo;Recomendo muito, fácil de usar e excelente desempenho. #Batedeira;"Desempenho e eficiência; Facilidade de uso; Recomendação"
748;2022-01-09;Instagram;27990;5;Positivo;Perfeito para o uso diário, recomendo muito! #Batedeira;"Uso diário e praticidade; Recomendação"
801;2022-01-17;Facebook;55942;5;Positivo;Altamente recomendado, perfeito para o dia a dia. #Batedeira;"Uso diário e praticidade; Recomendação"
897;2021-12-07;Facebook;8714;5;Positivo;Produto incrível, perfeito para uso cotidiano. #Batedeira;Uso diário e praticidade
1238;2022-03-03;Instagram;42642;5;Positivo;Produto ideal para o dia a dia, uso simples e prático. #Batedeira;"Facilidade de uso; Uso diário e praticidade"
3900;2022-12-02;Facebook;89175;5;Positivo;Produto excelente para o uso diário, recomendo sem dúvidas. #Batedeira;"Uso diário e praticidade; Recomendação"
4649;2023-02-04;TikTok;41044;5;Positivo;Recomendo demais, produto ideal para o uso no dia a dia. #Batedeira;"Uso diário e praticidade; Recomendação"
5696;2023-06-20;X (Twitter);62045;5;Positivo;Produto prático e funcional, perfeito para o cotidiano. #Batedeira;"Desempenho e eficiência; Uso diário e praticidade"
6223;2023-07-15;X (Twitter);94767;5;Positivo;Recomendo a todos, produto perfeito para o uso cotidiano. #Batedeira;"Uso diário e praticidade; Recomendação"
7135;2023-10-26;TikTok;20639;5;Positivo;Excelente para o uso diário, recomendo sem dúvidas. #Batedeira;"Uso diário e praticidade; Recomendação"
7698;2024-02-07;X (Twitter);63496;5;Positivo;Altamente recomendado, produto perfeito para o cotidiano. #Batedeira;"Uso diário e praticidade; Recomendação"
