Indicador;Descrição;Fórmula;Valor atual;Status hoje;Limite de atenção (amarelo);Limite crítico (vermelho);Origem do valor;Calibração com o histórico;Frequência;Responsável;Ação proativa (ligação com a Aula 3.2);Prioridade
Capacidade de armazenagem;% de ocupação do armazém pelos aquecedores;Ocupação / capacidade total;35% acima da capacidade ideal (caso);Crítico (ativo);> 75%;> 85%;Caso (Aula 3.1);Sem dado para calibrar (limite do Notion);Semanal;Logística;"A1 congelar reposição; A3 redistribuir estoque";Alta
Lead time de fornecedores;Tempo de reposição dos aquecedores;Dias entre pedido e recebimento;90 dias (caso);Atenção (no limite);≥ 90 dias;Atraso > 5 dias sobre o prazo contratado;Caso (Aula 3.1);Sem dado para calibrar (limite do Notion e da ata);Por pedido;Logística;"A6 compras fracionadas; A10 renegociar prazos";Alta
Conversão de campanhas;% de conversão das campanhas de marketing;Vendas atribuídas / visitas ou contatos da campanha;"12% abaixo da meta (caso); meta não informada";A validar;< 10%;< 8%;Caso (Aula 3.1);Sem dado: a base não registra conversão;Por campanha;Marketing;"A7 recalendarizar campanhas; revisar público-alvo";Média
Rotatividade de estoque;% do estoque que sai por mês;Unidades vendidas no mês / estoque médio;Sem valor;Sem dado;< 20% ao mês;< 10% ao mês;Notion (limite crítico);"Sem dado para calibrar; usar com a cobertura";Mensal;Logística + Comercial;"A2 campanha de desova; A1 congelar reposição";Alta
Variação de vendas (3 meses);Vendas dos últimos 3 meses contra o mesmo período do ano anterior;Soma 3m atual / soma 3m ano anterior − 1;−3,3% (jun-ago/2024 contra 2023);Verde;≤ −10%;≤ −15%;Dados de vendas;"Histórico: amarelo 3 de 18 meses (17%); vermelho 2 de 18 (11%). A regra mensal disparava 7 e 5 de 20 meses";Mensal;Comercial;"A5 rever previsão; A7 ajustar campanhas";Alta
Erro de previsão (superestimativa, 3 meses);Quanto a previsão passou das vendas reais;1 − vendas reais 3m / previsão 3m;25% de superestimativa (caso);Crítico (ativo);> 15%;> 20%;Caso (Aula 3.1);"Histórico com previsão sazonal simples: amarelo 3 de 15 meses (20%); vermelho 1 de 15 (7%). A regra mensal disparava 7 de 17";Mensal;Comercial + Logística;"A5 modelo sazonal; A8 S&OP; reduzir próximos pedidos";Alta
Satisfação: reclamações por falta de produto;% de reclamações sobre ruptura;Reclamações de ruptura / total de reclamações;Sem valor;Sem dado;> 3%;> 5%;Notion (limite crítico);Sem dado para calibrar;Mensal;Atendimento + Comercial;"Rever cobertura mínima; priorizar reposição";Média
Custo de armazenagem;Aumento do custo por excesso de estoque;Custo atual / custo do período anterior − 1;+20% em 3 meses (caso);Crítico (ativo);> 5%;> 10%;Caso (Aula 3.1);Sem dado para calibrar (limite do Notion);Mensal;Logística + Finanças;"A3 redistribuir ou renegociar armazenagem; A2 desova";Alta
Cobertura de estoque (novo);Semanas de venda que o estoque atual sustenta;Estoque / (ritmo diário esperado dos próximos 28 dias × 7);Sem valor;Sem dado;> 10 semanas;> 14 semanas;Proposta;"Sem dado de estoque; em maio medir sobre os próximos 90 dias (pré-pico)";Semanal;Logística;"A1 congelar reposição; A2 desova";Alta
Pedido para o pico vs demanda esperada (novo);Volume pedido para jun-ago contra a demanda esperada do pico;Unidades pedidas / demanda esperada de jun-ago;Sem valor (pico 2024: 2.378 un.);Sem dado;> 105%;> 115%;Proposta;"Pico caiu 10,02% em 2 anos; a superestimativa verificável é de cerca de 11%";Mar e mai (antes de cada lote);Logística + Comercial;"A6 compras fracionadas; A5 previsão sazonal";Alta
Participação do e-commerce (novo);Peso do online nas vendas do aquecedor;Unidades online 3m / unidades totais 3m;55,3% (jun-ago/2024), +9 p.p. sobre 2023;Verde;Queda ≥ 7 p.p. sobre o ano anterior;Queda ≥ 12 p.p.;Dados de vendas;"Histórico: amarelo 1 de 18 meses; vermelho 0";Mensal;Comercial;"A4 auditar canais; A7 reforçar campanha";Média
